ProvinceThai,Year_AD,Year_BE,Month,Search_Interest
กระบี่,2023,2566,Apr,74.4
กระบี่,2023,2566,Aug,27.0
กระบี่,2023,2566,Dec,35.8
กระบี่,2023,2566,Feb,47.5
กระบี่,2023,2566,Jan,48.6
กระบี่,2023,2566,Jul,32.6
กระบี่,2023,2566,Jun,34.25
กระบี่,2023,2566,Mar,71.75
กระบี่,2023,2566,May,39.25
กระบี่,2023,2566,Nov,29.0
กระบี่,2023,2566,Oct,33.0
กระบี่,2023,2566,Sep,23.75
กระบี่,2024,2567,Apr,50.5
กระบี่,2024,2567,Aug,22.5
กระบี่,2024,2567,Dec,25.2
กระบี่,2024,2567,Feb,36.75
กระบี่,2024,2567,Jan,30.25
กระบี่,2024,2567,Jul,20.5
กระบี่,2024,2567,Jun,25.4
กระบี่,2024,2567,Mar,41.2
กระบี่,2024,2567,May,28.75
กระบี่,2024,2567,Nov,26.0
กระบี่,2024,2567,Oct,29.0
กระบี่,2024,2567,Sep,20.0
กระบี่,2025,2568,Apr,36.25
กระบี่,2025,2568,Aug,22.6
กระบี่,2025,2568,Dec,22.75
กระบี่,2025,2568,Feb,25.5
กระบี่,2025,2568,Jan,19.75
กระบี่,2025,2568,Jul,22.5
กระบี่,2025,2568,Jun,21.2
กระบี่,2025,2568,Mar,30.6
กระบี่,2025,2568,May,22.75
กระบี่,2025,2568,Nov,22.2
กระบี่,2025,2568,Oct,23.75
กระบี่,2025,2568,Sep,18.25
กรุงเทพมหานคร,2023,2566,Apr,26.6
กรุงเทพมหานคร,2023,2566,Aug,19.75
กรุงเทพมหานคร,2023,2566,Dec,21.4
กรุงเทพมหานคร,2023,2566,Feb,16.5
กรุงเทพมหานคร,2023,2566,Jan,17.2
กรุงเทพมหานคร,2023,2566,Jul,24.6
กรุงเทพมหานคร,2023,2566,Jun,20.75
กรุงเทพมหานคร,2023,2566,Mar,25.0
กรุงเทพมหานคร,2023,2566,May,17.75
กรุงเทพมหานคร,2023,2566,Nov,14.75
กรุงเทพมหานคร,2023,2566,Oct,20.0
กรุงเทพมหานคร,2023,2566,Sep,14.5
กรุงเทพมหานคร,2024,2567,Apr,16.75
กรุงเทพมหานคร,2024,2567,Aug,14.25
กรุงเทพมหานคร,2024,2567,Dec,11.6
กรุงเทพมหานคร,2024,2567,Feb,15.25
กรุงเทพมหานคร,2024,2567,Jan,13.5
กรุงเทพมหานคร,2024,2567,Jul,11.75
กรุงเทพมหานคร,2024,2567,Jun,11.4
กรุงเทพมหานคร,2024,2567,Mar,13.4
กรุงเทพมหานคร,2024,2567,May,10.5
กรุงเทพมหานคร,2024,2567,Nov,8.25
กรุงเทพมหานคร,2024,2567,Oct,12.5
กรุงเทพมหานคร,2024,2567,Sep,10.6
กรุงเทพมหานคร,2025,2568,Apr,11.25
กรุงเทพมหานคร,2025,2568,Aug,6.6
กรุงเทพมหานคร,2025,2568,Dec,12.0
กรุงเทพมหานคร,2025,2568,Feb,8.25
กรุงเทพมหานคร,2025,2568,Jan,9.25
กรุงเทพมหานคร,2025,2568,Jul,11.5
กรุงเทพมหานคร,2025,2568,Jun,7.2
กรุงเทพมหานคร,2025,2568,Mar,6.8
กรุงเทพมหานคร,2025,2568,May,5.5
กรุงเทพมหานคร,2025,2568,Nov,8.6
กรุงเทพมหานคร,2025,2568,Oct,5.25
กรุงเทพมหานคร,2025,2568,Sep,7.75
กาญจนบุรี,2023,2566,Apr,67.0
กาญจนบุรี,2023,2566,Aug,43.75
กาญจนบุรี,2023,2566,Dec,71.8
กาญจนบุรี,2023,2566,Feb,47.5
กาญจนบุรี,2023,2566,Jan,55.0
กาญจนบุรี,2023,2566,Jul,60.2
กาญจนบุรี,2023,2566,Jun,48.25
กาญจนบุรี,2023,2566,Mar,63.5
กาญจนบุรี,2023,2566,May,44.25
กาญจนบุรี,2023,2566,Nov,47.75
กาญจนบุรี,2023,2566,Oct,48.6
กาญจนบุรี,2023,2566,Sep,36.75
กาญจนบุรี,2024,2567,Apr,49.0
กาญจนบุรี,2024,2567,Aug,31.75
กาญจนบุรี,2024,2567,Dec,59.6
กาญจนบุรี,2024,2567,Feb,38.5
กาญจนบุรี,2024,2567,Jan,39.25
กาญจนบุรี,2024,2567,Jul,45.5
กาญจนบุรี,2024,2567,Jun,35.2
กาญจนบุรี,2024,2567,Mar,36.0
กาญจนบุรี,2024,2567,May,35.5
กาญจนบุรี,2024,2567,Nov,36.75
กาญจนบุรี,2024,2567,Oct,39.5
กาญจนบุรี,2024,2567,Sep,23.2
กาญจนบุรี,2025,2568,Apr,38.75
กาญจนบุรี,2025,2568,Aug,35.4
กาญจนบุรี,2025,2568,Dec,51.5
กาญจนบุรี,2025,2568,Feb,24.25
กาญจนบุรี,2025,2568,Jan,28.75
กาญจนบุรี,2025,2568,Jul,43.75
กาญจนบุรี,2025,2568,Jun,29.2
กาญจนบุรี,2025,2568,Mar,28.4
กาญจนบุรี,2025,2568,May,32.75
กาญจนบุรี,2025,2568,Nov,37.8
กาญจนบุรี,2025,2568,Oct,40.0
กาญจนบุรี,2025,2568,Sep,31.0
กาฬสินธุ์,2023,2566,Apr,25.4
กาฬสินธุ์,2023,2566,Aug,3.75
กาฬสินธุ์,2023,2566,Dec,26.8
กาฬสินธุ์,2023,2566,Feb,22.0
กาฬสินธุ์,2023,2566,Jan,27.0
กาฬสินธุ์,2023,2566,Jul,27.2
กาฬสินธุ์,2023,2566,Jun,15.25
กาฬสินธุ์,2023,2566,Mar,17.0
กาฬสินธุ์,2023,2566,May,12.75
กาฬสินธุ์,2023,2566,Nov,18.5
กาฬสินธุ์,2023,2566,Oct,25.0
กาฬสินธุ์,2023,2566,Sep,16.0
กาฬสินธุ์,2024,2567,Apr,23.5
กาฬสินธุ์,2024,2567,Aug,10.75
กาฬสินธุ์,2024,2567,Dec,9.4
กาฬสินธุ์,2024,2567,Feb,4.25
กาฬสินธุ์,2024,2567,Jan,25.75
กาฬสินธุ์,2024,2567,Jul,17.25
กาฬสินธุ์,2024,2567,Jun,16.0
กาฬสินธุ์,2024,2567,Mar,9.2
กาฬสินธุ์,2024,2567,May,14.75
กาฬสินธุ์,2024,2567,Nov,23.0
กาฬสินธุ์,2024,2567,Oct,23.5
กาฬสินธุ์,2024,2567,Sep,15.0
กาฬสินธุ์,2025,2568,Apr,5.5
กาฬสินธุ์,2025,2568,Aug,9.0
กาฬสินธุ์,2025,2568,Dec,20.0
กาฬสินธุ์,2025,2568,Feb,10.25
กาฬสินธุ์,2025,2568,Jan,4.25
กาฬสินธุ์,2025,2568,Jul,10.75
กาฬสินธุ์,2025,2568,Jun,4.8
กาฬสินธุ์,2025,2568,Mar,0.0
กาฬสินธุ์,2025,2568,May,5.75
กาฬสินธุ์,2025,2568,Nov,9.8
กาฬสินธุ์,2025,2568,Oct,6.5
กาฬสินธุ์,2025,2568,Sep,0.0
กำแพงเพชร,2023,2566,Apr,2.2
กำแพงเพชร,2023,2566,Aug,0.5
กำแพงเพชร,2023,2566,Dec,2.2
กำแพงเพชร,2023,2566,Feb,2.25
กำแพงเพชร,2023,2566,Jan,2.0
กำแพงเพชร,2023,2566,Jul,2.6
กำแพงเพชร,2023,2566,Jun,1.5
กำแพงเพชร,2023,2566,Mar,2.25
กำแพงเพชร,2023,2566,May,1.75
กำแพงเพชร,2023,2566,Nov,2.0
กำแพงเพชร,2023,2566,Oct,2.2
กำแพงเพชร,2023,2566,Sep,1.75
กำแพงเพชร,2024,2567,Apr,2.0
กำแพงเพชร,2024,2567,Aug,0.5
กำแพงเพชร,2024,2567,Dec,2.4
กำแพงเพชร,2024,2567,Feb,0.5
กำแพงเพชร,2024,2567,Jan,0.0
กำแพงเพชร,2024,2567,Jul,1.0
กำแพงเพชร,2024,2567,Jun,0.0
กำแพงเพชร,2024,2567,Mar,1.6
กำแพงเพชร,2024,2567,May,0.5
กำแพงเพชร,2024,2567,Nov,0.0
กำแพงเพชร,2024,2567,Oct,0.5
กำแพงเพชร,2024,2567,Sep,0.4
กำแพงเพชร,2025,2568,Apr,0.0
กำแพงเพชร,2025,2568,Aug,0.0
กำแพงเพชร,2025,2568,Dec,1.75
กำแพงเพชร,2025,2568,Feb,0.0
กำแพงเพชร,2025,2568,Jan,0.0
กำแพงเพชร,2025,2568,Jul,0.0
กำแพงเพชร,2025,2568,Jun,0.0
กำแพงเพชร,2025,2568,Mar,0.0
กำแพงเพชร,2025,2568,May,0.0
กำแพงเพชร,2025,2568,Nov,0.4
กำแพงเพชร,2025,2568,Oct,1.25
กำแพงเพชร,2025,2568,Sep,0.0
ขอนแก่น,2023,2566,Apr,76.2
ขอนแก่น,2023,2566,Aug,51.5
ขอนแก่น,2023,2566,Dec,56.6
ขอนแก่น,2023,2566,Feb,54.25
ขอนแก่น,2023,2566,Jan,64.6
ขอนแก่น,2023,2566,Jul,68.6
ขอนแก่น,2023,2566,Jun,57.75
ขอนแก่น,2023,2566,Mar,64.5
ขอนแก่น,2023,2566,May,56.75
ขอนแก่น,2023,2566,Nov,54.25
ขอนแก่น,2023,2566,Oct,58.4
ขอนแก่น,2023,2566,Sep,48.25
ขอนแก่น,2024,2567,Apr,46.0
ขอนแก่น,2024,2567,Aug,45.75
ขอนแก่น,2024,2567,Dec,46.6
ขอนแก่น,2024,2567,Feb,45.75
ขอนแก่น,2024,2567,Jan,42.25
ขอนแก่น,2024,2567,Jul,43.5
ขอนแก่น,2024,2567,Jun,41.2
ขอนแก่น,2024,2567,Mar,45.0
ขอนแก่น,2024,2567,May,41.0
ขอนแก่น,2024,2567,Nov,46.75
ขอนแก่น,2024,2567,Oct,47.0
ขอนแก่น,2024,2567,Sep,38.6
ขอนแก่น,2025,2568,Apr,48.25
ขอนแก่น,2025,2568,Aug,36.8
ขอนแก่น,2025,2568,Dec,46.75
ขอนแก่น,2025,2568,Feb,39.0
ขอนแก่น,2025,2568,Jan,41.5
ขอนแก่น,2025,2568,Jul,44.0
ขอนแก่น,2025,2568,Jun,38.6
ขอนแก่น,2025,2568,Mar,34.6
ขอนแก่น,2025,2568,May,33.75
ขอนแก่น,2025,2568,Nov,46.0
ขอนแก่น,2025,2568,Oct,49.25
ขอนแก่น,2025,2568,Sep,41.25
จันทบุรี,2023,2566,Apr,67.8
จันทบุรี,2023,2566,Aug,18.25
จันทบุรี,2023,2566,Dec,25.2
จันทบุรี,2023,2566,Feb,45.5
จันทบุรี,2023,2566,Jan,27.4
จันทบุรี,2023,2566,Jul,26.2
จันทบุรี,2023,2566,Jun,25.25
จันทบุรี,2023,2566,Mar,58.5
จันทบุรี,2023,2566,May,34.25
จันทบุรี,2023,2566,Nov,18.25
จันทบุรี,2023,2566,Oct,21.0
จันทบุรี,2023,2566,Sep,14.25
จันทบุรี,2024,2567,Apr,39.5
จันทบุรี,2024,2567,Aug,15.0
จันทบุรี,2024,2567,Dec,18.0
จันทบุรี,2024,2567,Feb,34.0
จันทบุรี,2024,2567,Jan,23.5
จันทบุรี,2024,2567,Jul,15.75
จันทบุรี,2024,2567,Jun,18.0
จันทบุรี,2024,2567,Mar,33.0
จันทบุรี,2024,2567,May,27.25
จันทบุรี,2024,2567,Nov,17.25
จันทบุรี,2024,2567,Oct,16.5
จันทบุรี,2024,2567,Sep,12.8
จันทบุรี,2025,2568,Apr,29.5
จันทบุรี,2025,2568,Aug,13.4
จันทบุรี,2025,2568,Dec,11.25
จันทบุรี,2025,2568,Feb,18.25
จันทบุรี,2025,2568,Jan,10.75
จันทบุรี,2025,2568,Jul,17.5
จันทบุรี,2025,2568,Jun,17.0
จันทบุรี,2025,2568,Mar,29.0
จันทบุรี,2025,2568,May,17.75
จันทบุรี,2025,2568,Nov,10.6
จันทบุรี,2025,2568,Oct,15.5
จันทบุรี,2025,2568,Sep,10.5
ฉะเชิงเทรา,2023,2566,Apr,27.8
ฉะเชิงเทรา,2023,2566,Aug,17.5
ฉะเชิงเทรา,2023,2566,Dec,20.0
ฉะเชิงเทรา,2023,2566,Feb,21.75
ฉะเชิงเทรา,2023,2566,Jan,22.2
ฉะเชิงเทรา,2023,2566,Jul,22.2
ฉะเชิงเทรา,2023,2566,Jun,18.5
ฉะเชิงเทรา,2023,2566,Mar,22.5
ฉะเชิงเทรา,2023,2566,May,22.0
ฉะเชิงเทรา,2023,2566,Nov,11.5
ฉะเชิงเทรา,2023,2566,Oct,18.6
ฉะเชิงเทรา,2023,2566,Sep,12.25
ฉะเชิงเทรา,2024,2567,Apr,18.0
ฉะเชิงเทรา,2024,2567,Aug,14.25
ฉะเชิงเทรา,2024,2567,Dec,13.8
ฉะเชิงเทรา,2024,2567,Feb,15.25
ฉะเชิงเทรา,2024,2567,Jan,12.5
ฉะเชิงเทรา,2024,2567,Jul,18.0
ฉะเชิงเทรา,2024,2567,Jun,11.4
ฉะเชิงเทรา,2024,2567,Mar,15.8
ฉะเชิงเทรา,2024,2567,May,15.5
ฉะเชิงเทรา,2024,2567,Nov,13.0
ฉะเชิงเทรา,2024,2567,Oct,14.25
ฉะเชิงเทรา,2024,2567,Sep,13.0
ฉะเชิงเทรา,2025,2568,Apr,18.0
ฉะเชิงเทรา,2025,2568,Aug,14.0
ฉะเชิงเทรา,2025,2568,Dec,13.25
ฉะเชิงเทรา,2025,2568,Feb,10.5
ฉะเชิงเทรา,2025,2568,Jan,11.75
ฉะเชิงเทรา,2025,2568,Jul,15.0
ฉะเชิงเทรา,2025,2568,Jun,10.8
ฉะเชิงเทรา,2025,2568,Mar,11.6
ฉะเชิงเทรา,2025,2568,May,12.0
ฉะเชิงเทรา,2025,2568,Nov,7.2
ฉะเชิงเทรา,2025,2568,Oct,9.0
ฉะเชิงเทรา,2025,2568,Sep,8.0
ชลบุรี,2023,2566,Apr,72.2
ชลบุรี,2023,2566,Aug,29.5
ชลบุรี,2023,2566,Dec,38.8
ชลบุรี,2023,2566,Feb,42.5
ชลบุรี,2023,2566,Jan,37.2
ชลบุรี,2023,2566,Jul,40.8
ชลบุรี,2023,2566,Jun,33.5
ชลบุรี,2023,2566,Mar,62.25
ชลบุรี,2023,2566,May,41.25
ชลบุรี,2023,2566,Nov,26.0
ชลบุรี,2023,2566,Oct,35.2
ชลบุรี,2023,2566,Sep,27.5
ชลบุรี,2024,2567,Apr,47.5
ชลบุรี,2024,2567,Aug,24.5
ชลบุรี,2024,2567,Dec,27.0
ชลบุรี,2024,2567,Feb,33.25
ชลบุรี,2024,2567,Jan,24.75
ชลบุรี,2024,2567,Jul,27.25
ชลบุรี,2024,2567,Jun,23.4
ชลบุรี,2024,2567,Mar,35.4
ชลบุรี,2024,2567,May,27.5
ชลบุรี,2024,2567,Nov,22.0
ชลบุรี,2024,2567,Oct,31.75
ชลบุรี,2024,2567,Sep,21.4
ชลบุรี,2025,2568,Apr,32.5
ชลบุรี,2025,2568,Aug,21.2
ชลบุรี,2025,2568,Dec,20.75
ชลบุรี,2025,2568,Feb,20.25
ชลบุรี,2025,2568,Jan,19.0
ชลบุรี,2025,2568,Jul,24.5
ชลบุรี,2025,2568,Jun,18.2
ชลบุรี,2025,2568,Mar,27.8
ชลบุรี,2025,2568,May,21.75
ชลบุรี,2025,2568,Nov,20.6
ชลบุรี,2025,2568,Oct,22.5
ชลบุรี,2025,2568,Sep,17.75
ชัยนาท,2023,2566,Apr,21.8
ชัยนาท,2023,2566,Aug,7.5
ชัยนาท,2023,2566,Dec,21.0
ชัยนาท,2023,2566,Feb,17.75
ชัยนาท,2023,2566,Jan,18.4
ชัยนาท,2023,2566,Jul,17.4
ชัยนาท,2023,2566,Jun,16.5
ชัยนาท,2023,2566,Mar,17.0
ชัยนาท,2023,2566,May,13.0
ชัยนาท,2023,2566,Nov,11.0
ชัยนาท,2023,2566,Oct,13.6
ชัยนาท,2023,2566,Sep,10.75
ชัยนาท,2024,2567,Apr,0.0
ชัยนาท,2024,2567,Aug,0.0
ชัยนาท,2024,2567,Dec,0.0
ชัยนาท,2024,2567,Feb,18.0
ชัยนาท,2024,2567,Jan,4.0
ชัยนาท,2024,2567,Jul,4.5
ชัยนาท,2024,2567,Jun,4.0
ชัยนาท,2024,2567,Mar,0.0
ชัยนาท,2024,2567,May,0.0
ชัยนาท,2024,2567,Nov,4.25
ชัยนาท,2024,2567,Oct,9.0
ชัยนาท,2024,2567,Sep,0.0
ชัยนาท,2025,2568,Apr,4.75
ชัยนาท,2025,2568,Aug,0.0
ชัยนาท,2025,2568,Dec,11.0
ชัยนาท,2025,2568,Feb,0.0
ชัยนาท,2025,2568,Jan,0.0
ชัยนาท,2025,2568,Jul,0.0
ชัยนาท,2025,2568,Jun,0.0
ชัยนาท,2025,2568,Mar,0.0
ชัยนาท,2025,2568,May,6.5
ชัยนาท,2025,2568,Nov,3.6
ชัยนาท,2025,2568,Oct,0.0
ชัยนาท,2025,2568,Sep,0.0
ชัยภูมิ,2023,2566,Apr,35.8
ชัยภูมิ,2023,2566,Aug,29.0
ชัยภูมิ,2023,2566,Dec,42.4
ชัยภูมิ,2023,2566,Feb,29.0
ชัยภูมิ,2023,2566,Jan,35.6
ชัยภูมิ,2023,2566,Jul,65.8
ชัยภูมิ,2023,2566,Jun,38.25
ชัยภูมิ,2023,2566,Mar,25.0
ชัยภูมิ,2023,2566,May,25.75
ชัยภูมิ,2023,2566,Nov,28.0
ชัยภูมิ,2023,2566,Oct,29.2
ชัยภูมิ,2023,2566,Sep,15.75
ชัยภูมิ,2024,2567,Apr,28.0
ชัยภูมิ,2024,2567,Aug,33.75
ชัยภูมิ,2024,2567,Dec,38.4
ชัยภูมิ,2024,2567,Feb,24.5
ชัยภูมิ,2024,2567,Jan,15.75
ชัยภูมิ,2024,2567,Jul,45.25
ชัยภูมิ,2024,2567,Jun,29.2
ชัยภูมิ,2024,2567,Mar,16.8
ชัยภูมิ,2024,2567,May,17.0
ชัยภูมิ,2024,2567,Nov,29.0
ชัยภูมิ,2024,2567,Oct,27.0
ชัยภูมิ,2024,2567,Sep,17.4
ชัยภูมิ,2025,2568,Apr,28.5
ชัยภูมิ,2025,2568,Aug,22.8
ชัยภูมิ,2025,2568,Dec,33.0
ชัยภูมิ,2025,2568,Feb,4.5
ชัยภูมิ,2025,2568,Jan,22.25
ชัยภูมิ,2025,2568,Jul,43.5
ชัยภูมิ,2025,2568,Jun,34.4
ชัยภูมิ,2025,2568,Mar,5.0
ชัยภูมิ,2025,2568,May,25.0
ชัยภูมิ,2025,2568,Nov,19.2
ชัยภูมิ,2025,2568,Oct,25.5
ชัยภูมิ,2025,2568,Sep,10.75
ชุมพร,2023,2566,Apr,36.0
ชุมพร,2023,2566,Aug,13.0
ชุมพร,2023,2566,Dec,15.8
ชุมพร,2023,2566,Feb,19.25
ชุมพร,2023,2566,Jan,18.0
ชุมพร,2023,2566,Jul,19.6
ชุมพร,2023,2566,Jun,16.75
ชุมพร,2023,2566,Mar,29.25
ชุมพร,2023,2566,May,16.75
ชุมพร,2023,2566,Nov,10.75
ชุมพร,2023,2566,Oct,15.8
ชุมพร,2023,2566,Sep,10.5
ชุมพร,2024,2567,Apr,31.0
ชุมพร,2024,2567,Aug,10.0
ชุมพร,2024,2567,Dec,12.8
ชุมพร,2024,2567,Feb,15.5
ชุมพร,2024,2567,Jan,12.0
ชุมพร,2024,2567,Jul,12.0
ชุมพร,2024,2567,Jun,13.2
ชุมพร,2024,2567,Mar,23.8
ชุมพร,2024,2567,May,15.5
ชุมพร,2024,2567,Nov,10.0
ชุมพร,2024,2567,Oct,11.0
ชุมพร,2024,2567,Sep,11.0
ชุมพร,2025,2568,Apr,26.5
ชุมพร,2025,2568,Aug,12.2
ชุมพร,2025,2568,Dec,12.5
ชุมพร,2025,2568,Feb,13.5
ชุมพร,2025,2568,Jan,9.5
ชุมพร,2025,2568,Jul,14.25
ชุมพร,2025,2568,Jun,12.8
ชุมพร,2025,2568,Mar,18.6
ชุมพร,2025,2568,May,15.0
ชุมพร,2025,2568,Nov,9.8
ชุมพร,2025,2568,Oct,13.5
ชุมพร,2025,2568,Sep,12.0
ตรัง,2023,2566,Apr,71.8
ตรัง,2023,2566,Aug,21.75
ตรัง,2023,2566,Dec,32.2
ตรัง,2023,2566,Feb,34.75
ตรัง,2023,2566,Jan,33.6
ตรัง,2023,2566,Jul,26.8
ตรัง,2023,2566,Jun,26.75
ตรัง,2023,2566,Mar,51.25
ตรัง,2023,2566,May,28.5
ตรัง,2023,2566,Nov,22.0
ตรัง,2023,2566,Oct,30.2
ตรัง,2023,2566,Sep,18.75
ตรัง,2024,2567,Apr,44.5
ตรัง,2024,2567,Aug,18.25
ตรัง,2024,2567,Dec,26.0
ตรัง,2024,2567,Feb,33.25
ตรัง,2024,2567,Jan,27.0
ตรัง,2024,2567,Jul,21.25
ตรัง,2024,2567,Jun,24.4
ตรัง,2024,2567,Mar,35.2
ตรัง,2024,2567,May,24.0
ตรัง,2024,2567,Nov,25.75
ตรัง,2024,2567,Oct,25.25
ตรัง,2024,2567,Sep,17.6
ตรัง,2025,2568,Apr,32.0
ตรัง,2025,2568,Aug,20.0
ตรัง,2025,2568,Dec,22.5
ตรัง,2025,2568,Feb,26.0
ตรัง,2025,2568,Jan,22.0
ตรัง,2025,2568,Jul,17.0
ตรัง,2025,2568,Jun,16.0
ตรัง,2025,2568,Mar,26.2
ตรัง,2025,2568,May,19.5
ตรัง,2025,2568,Nov,15.2
ตรัง,2025,2568,Oct,24.75
ตรัง,2025,2568,Sep,14.0
ตราด,2023,2566,Apr,17.6
ตราด,2023,2566,Aug,4.5
ตราด,2023,2566,Dec,8.2
ตราด,2023,2566,Feb,10.0
ตราด,2023,2566,Jan,8.0
ตราด,2023,2566,Jul,7.4
ตราด,2023,2566,Jun,6.25
ตราด,2023,2566,Mar,15.5
ตราด,2023,2566,May,9.0
ตราด,2023,2566,Nov,6.0
ตราด,2023,2566,Oct,6.2
ตราด,2023,2566,Sep,6.0
ตราด,2024,2567,Apr,13.0
ตราด,2024,2567,Aug,5.0
ตราด,2024,2567,Dec,5.6
ตราด,2024,2567,Feb,10.0
ตราด,2024,2567,Jan,6.5
ตราด,2024,2567,Jul,6.0
ตราด,2024,2567,Jun,4.4
ตราด,2024,2567,Mar,11.0
ตราด,2024,2567,May,7.0
ตราด,2024,2567,Nov,5.75
ตราด,2024,2567,Oct,5.0
ตราด,2024,2567,Sep,4.0
ตราด,2025,2568,Apr,10.25
ตราด,2025,2568,Aug,5.4
ตราด,2025,2568,Dec,4.0
ตราด,2025,2568,Feb,5.5
ตราด,2025,2568,Jan,4.25
ตราด,2025,2568,Jul,3.5
ตราด,2025,2568,Jun,3.8
ตราด,2025,2568,Mar,7.4
ตราด,2025,2568,May,7.75
ตราด,2025,2568,Nov,3.8
ตราด,2025,2568,Oct,3.75
ตราด,2025,2568,Sep,1.25
ตาก,2023,2566,Apr,22.6
ตาก,2023,2566,Aug,19.0
ตาก,2023,2566,Dec,45.0
ตาก,2023,2566,Feb,21.0
ตาก,2023,2566,Jan,30.6
ตาก,2023,2566,Jul,27.4
ตาก,2023,2566,Jun,21.5
ตาก,2023,2566,Mar,21.75
ตาก,2023,2566,May,17.75
ตาก,2023,2566,Nov,36.25
ตาก,2023,2566,Oct,29.0
ตาก,2023,2566,Sep,22.25
ตาก,2024,2567,Apr,16.25
ตาก,2024,2567,Aug,16.5
ตาก,2024,2567,Dec,39.0
ตาก,2024,2567,Feb,20.75
ตาก,2024,2567,Jan,24.25
ตาก,2024,2567,Jul,25.75
ตาก,2024,2567,Jun,21.0
ตาก,2024,2567,Mar,16.6
ตาก,2024,2567,May,16.25
ตาก,2024,2567,Nov,29.25
ตาก,2024,2567,Oct,26.0
ตาก,2024,2567,Sep,12.4
ตาก,2025,2568,Apr,15.25
ตาก,2025,2568,Aug,12.2
ตาก,2025,2568,Dec,31.0
ตาก,2025,2568,Feb,13.0
ตาก,2025,2568,Jan,16.5
ตาก,2025,2568,Jul,10.75
ตาก,2025,2568,Jun,9.2
ตาก,2025,2568,Mar,11.0
ตาก,2025,2568,May,7.5
ตาก,2025,2568,Nov,22.8
ตาก,2025,2568,Oct,23.25
ตาก,2025,2568,Sep,12.25
นครนายก,2023,2566,Apr,54.8
นครนายก,2023,2566,Aug,35.5
นครนายก,2023,2566,Dec,41.2
นครนายก,2023,2566,Feb,31.25
นครนายก,2023,2566,Jan,32.6
นครนายก,2023,2566,Jul,50.4
นครนายก,2023,2566,Jun,39.5
นครนายก,2023,2566,Mar,44.0
นครนายก,2023,2566,May,34.5
นครนายก,2023,2566,Nov,33.5
นครนายก,2023,2566,Oct,40.2
นครนายก,2023,2566,Sep,29.5
นครนายก,2024,2567,Apr,41.75
นครนายก,2024,2567,Aug,24.75
นครนายก,2024,2567,Dec,29.4
นครนายก,2024,2567,Feb,30.0
นครนายก,2024,2567,Jan,26.25
นครนายก,2024,2567,Jul,33.0
นครนายก,2024,2567,Jun,30.6
นครนายก,2024,2567,Mar,28.6
นครนายก,2024,2567,May,29.75
นครนายก,2024,2567,Nov,24.5
นครนายก,2024,2567,Oct,27.5
นครนายก,2024,2567,Sep,17.4
นครนายก,2025,2568,Apr,31.0
นครนายก,2025,2568,Aug,28.2
นครนายก,2025,2568,Dec,25.75
นครนายก,2025,2568,Feb,17.5
นครนายก,2025,2568,Jan,18.25
นครนายก,2025,2568,Jul,32.0
นครนายก,2025,2568,Jun,23.2
นครนายก,2025,2568,Mar,21.2
นครนายก,2025,2568,May,24.0
นครนายก,2025,2568,Nov,20.0
นครนายก,2025,2568,Oct,25.5
นครนายก,2025,2568,Sep,18.0
นครปฐม,2023,2566,Apr,60.6
นครปฐม,2023,2566,Aug,53.0
นครปฐม,2023,2566,Dec,51.0
นครปฐม,2023,2566,Feb,42.25
นครปฐม,2023,2566,Jan,48.8
นครปฐม,2023,2566,Jul,56.4
นครปฐม,2023,2566,Jun,41.5
นครปฐม,2023,2566,Mar,45.0
นครปฐม,2023,2566,May,40.0
นครปฐม,2023,2566,Nov,34.75
นครปฐม,2023,2566,Oct,47.8
นครปฐม,2023,2566,Sep,34.75
นครปฐม,2024,2567,Apr,50.5
นครปฐม,2024,2567,Aug,31.25
นครปฐม,2024,2567,Dec,35.0
นครปฐม,2024,2567,Feb,35.0
นครปฐม,2024,2567,Jan,30.5
นครปฐม,2024,2567,Jul,41.5
นครปฐม,2024,2567,Jun,28.6
นครปฐม,2024,2567,Mar,38.4
นครปฐม,2024,2567,May,28.0
นครปฐม,2024,2567,Nov,31.0
นครปฐม,2024,2567,Oct,31.0
นครปฐม,2024,2567,Sep,26.2
นครปฐม,2025,2568,Apr,35.75
นครปฐม,2025,2568,Aug,23.8
นครปฐม,2025,2568,Dec,29.75
นครปฐม,2025,2568,Feb,16.5
นครปฐม,2025,2568,Jan,22.0
นครปฐม,2025,2568,Jul,30.5
นครปฐม,2025,2568,Jun,22.8
นครปฐม,2025,2568,Mar,22.6
นครปฐม,2025,2568,May,22.75
นครปฐม,2025,2568,Nov,18.0
นครปฐม,2025,2568,Oct,27.5
นครปฐม,2025,2568,Sep,18.75
นครพนม,2023,2566,Apr,28.2
นครพนม,2023,2566,Aug,19.0
นครพนม,2023,2566,Dec,26.8
นครพนม,2023,2566,Feb,25.75
นครพนม,2023,2566,Jan,27.0
นครพนม,2023,2566,Jul,26.2
นครพนม,2023,2566,Jun,20.75
นครพนม,2023,2566,Mar,29.75
นครพนม,2023,2566,May,18.5
นครพนม,2023,2566,Nov,18.75
นครพนม,2023,2566,Oct,29.4
นครพนม,2023,2566,Sep,20.5
นครพนม,2024,2567,Apr,21.75
นครพนม,2024,2567,Aug,18.0
นครพนม,2024,2567,Dec,22.8
นครพนม,2024,2567,Feb,21.25
นครพนม,2024,2567,Jan,24.75
นครพนม,2024,2567,Jul,22.75
นครพนม,2024,2567,Jun,21.6
นครพนม,2024,2567,Mar,19.4
นครพนม,2024,2567,May,16.75
นครพนม,2024,2567,Nov,23.5
นครพนม,2024,2567,Oct,28.25
นครพนม,2024,2567,Sep,14.4
นครพนม,2025,2568,Apr,21.75
นครพนม,2025,2568,Aug,20.0
นครพนม,2025,2568,Dec,25.75
นครพนม,2025,2568,Feb,18.5
นครพนม,2025,2568,Jan,22.75
นครพนม,2025,2568,Jul,24.5
นครพนม,2025,2568,Jun,18.0
นครพนม,2025,2568,Mar,15.0
นครพนม,2025,2568,May,21.25
นครพนม,2025,2568,Nov,18.6
นครพนม,2025,2568,Oct,25.75
นครพนม,2025,2568,Sep,21.75
นครศรีธรรมราช,2023,2566,Apr,39.2
นครศรีธรรมราช,2023,2566,Aug,16.5
นครศรีธรรมราช,2023,2566,Dec,20.8
นครศรีธรรมราช,2023,2566,Feb,20.5
นครศรีธรรมราช,2023,2566,Jan,22.6
นครศรีธรรมราช,2023,2566,Jul,20.0
นครศรีธรรมราช,2023,2566,Jun,20.75
นครศรีธรรมราช,2023,2566,Mar,30.75
นครศรีธรรมราช,2023,2566,May,17.25
นครศรีธรรมราช,2023,2566,Nov,12.0
นครศรีธรรมราช,2023,2566,Oct,22.8
นครศรีธรรมราช,2023,2566,Sep,14.0
นครศรีธรรมราช,2024,2567,Apr,21.75
นครศรีธรรมราช,2024,2567,Aug,11.25
นครศรีธรรมราช,2024,2567,Dec,12.4
นครศรีธรรมราช,2024,2567,Feb,16.5
นครศรีธรรมราช,2024,2567,Jan,15.5
นครศรีธรรมราช,2024,2567,Jul,13.25
นครศรีธรรมราช,2024,2567,Jun,12.4
นครศรีธรรมราช,2024,2567,Mar,17.8
นครศรีธรรมราช,2024,2567,May,12.5
นครศรีธรรมราช,2024,2567,Nov,11.75
นครศรีธรรมราช,2024,2567,Oct,13.0
นครศรีธรรมราช,2024,2567,Sep,12.4
นครศรีธรรมราช,2025,2568,Apr,18.0
นครศรีธรรมราช,2025,2568,Aug,12.0
นครศรีธรรมราช,2025,2568,Dec,10.5
นครศรีธรรมราช,2025,2568,Feb,10.5
นครศรีธรรมราช,2025,2568,Jan,10.0
นครศรีธรรมราช,2025,2568,Jul,11.5
นครศรีธรรมราช,2025,2568,Jun,9.0
นครศรีธรรมราช,2025,2568,Mar,15.6
นครศรีธรรมราช,2025,2568,May,12.0
นครศรีธรรมราช,2025,2568,Nov,6.8
นครศรีธรรมราช,2025,2568,Oct,11.25
นครศรีธรรมราช,2025,2568,Sep,11.0
นครสวรรค์,2023,2566,Apr,28.2
นครสวรรค์,2023,2566,Aug,19.0
นครสวรรค์,2023,2566,Dec,28.2
นครสวรรค์,2023,2566,Feb,19.75
นครสวรรค์,2023,2566,Jan,29.0
นครสวรรค์,2023,2566,Jul,25.8
นครสวรรค์,2023,2566,Jun,15.75
นครสวรรค์,2023,2566,Mar,27.5
นครสวรรค์,2023,2566,May,18.0
นครสวรรค์,2023,2566,Nov,24.0
นครสวรรค์,2023,2566,Oct,23.2
นครสวรรค์,2023,2566,Sep,17.75
นครสวรรค์,2024,2567,Apr,18.25
นครสวรรค์,2024,2567,Aug,14.0
นครสวรรค์,2024,2567,Dec,19.8
นครสวรรค์,2024,2567,Feb,18.0
นครสวรรค์,2024,2567,Jan,16.25
นครสวรรค์,2024,2567,Jul,13.75
นครสวรรค์,2024,2567,Jun,10.2
นครสวรรค์,2024,2567,Mar,16.2
นครสวรรค์,2024,2567,May,13.75
นครสวรรค์,2024,2567,Nov,15.0
นครสวรรค์,2024,2567,Oct,15.75
นครสวรรค์,2024,2567,Sep,10.2
นครสวรรค์,2025,2568,Apr,14.75
นครสวรรค์,2025,2568,Aug,13.4
นครสวรรค์,2025,2568,Dec,16.0
นครสวรรค์,2025,2568,Feb,12.25
นครสวรรค์,2025,2568,Jan,15.0
นครสวรรค์,2025,2568,Jul,13.5
นครสวรรค์,2025,2568,Jun,10.8
นครสวรรค์,2025,2568,Mar,11.2
นครสวรรค์,2025,2568,May,11.5
นครสวรรค์,2025,2568,Nov,15.4
นครสวรรค์,2025,2568,Oct,14.25
นครสวรรค์,2025,2568,Sep,7.75
นนทบุรี,2023,2566,Apr,21.0
นนทบุรี,2023,2566,Aug,13.75
นนทบุรี,2023,2566,Dec,17.0
นนทบุรี,2023,2566,Feb,12.75
นนทบุรี,2023,2566,Jan,14.4
นนทบุรี,2023,2566,Jul,19.8
นนทบุรี,2023,2566,Jun,16.75
นนทบุรี,2023,2566,Mar,18.5
นนทบุรี,2023,2566,May,10.75
นนทบุรี,2023,2566,Nov,13.75
นนทบุรี,2023,2566,Oct,14.4
นนทบุรี,2023,2566,Sep,11.75
นนทบุรี,2024,2567,Apr,15.5
นนทบุรี,2024,2567,Aug,10.75
นนทบุรี,2024,2567,Dec,10.6
นนทบุรี,2024,2567,Feb,11.75
นนทบุรี,2024,2567,Jan,11.5
นนทบุรี,2024,2567,Jul,11.75
นนทบุรี,2024,2567,Jun,7.8
นนทบุรี,2024,2567,Mar,11.8
นนทบุรี,2024,2567,May,12.25
นนทบุรี,2024,2567,Nov,5.0
นนทบุรี,2024,2567,Oct,6.5
นนทบุรี,2024,2567,Sep,8.6
นนทบุรี,2025,2568,Apr,9.0
นนทบุรี,2025,2568,Aug,9.2
นนทบุรี,2025,2568,Dec,7.5
นนทบุรี,2025,2568,Feb,4.75
นนทบุรี,2025,2568,Jan,9.25
นนทบุรี,2025,2568,Jul,11.75
นนทบุรี,2025,2568,Jun,9.0
นนทบุรี,2025,2568,Mar,9.8
นนทบุรี,2025,2568,May,9.25
นนทบุรี,2025,2568,Nov,5.2
นนทบุรี,2025,2568,Oct,5.75
นนทบุรี,2025,2568,Sep,2.75
นราธิวาส,2023,2566,Apr,1.2
นราธิวาส,2023,2566,Aug,0.75
นราธิวาส,2023,2566,Dec,0.6
นราธิวาส,2023,2566,Feb,0.0
นราธิวาส,2023,2566,Jan,0.6
นราธิวาส,2023,2566,Jul,0.0
นราธิวาส,2023,2566,Jun,0.75
นราธิวาส,2023,2566,Mar,1.5
นราธิวาส,2023,2566,May,0.75
นราธิวาส,2023,2566,Nov,0.0
นราธิวาส,2023,2566,Oct,0.6
นราธิวาส,2023,2566,Sep,0.75
นราธิวาส,2024,2567,Apr,0.0
นราธิวาส,2024,2567,Aug,0.0
นราธิวาส,2024,2567,Dec,0.0
นราธิวาส,2024,2567,Feb,0.0
นราธิวาส,2024,2567,Jan,0.0
นราธิวาส,2024,2567,Jul,0.0
นราธิวาส,2024,2567,Jun,0.0
นราธิวาส,2024,2567,Mar,0.0
นราธิวาส,2024,2567,May,1.5
นราธิวาส,2024,2567,Nov,0.0
นราธิวาส,2024,2567,Oct,0.0
นราธิวาส,2024,2567,Sep,0.0
นราธิวาส,2025,2568,Apr,0.0
นราธิวาส,2025,2568,Aug,0.0
นราธิวาส,2025,2568,Dec,0.0
นราธิวาส,2025,2568,Feb,0.0
นราธิวาส,2025,2568,Jan,0.0
นราธิวาส,2025,2568,Jul,1.0
นราธิวาส,2025,2568,Jun,0.0
นราธิวาส,2025,2568,Mar,0.0
นราธิวาส,2025,2568,May,0.0
นราธิวาส,2025,2568,Nov,0.0
นราธิวาส,2025,2568,Oct,0.0
นราธิวาส,2025,2568,Sep,1.0
น่าน,2023,2566,Apr,37.2
น่าน,2023,2566,Aug,47.75
น่าน,2023,2566,Dec,86.2
น่าน,2023,2566,Feb,39.5
น่าน,2023,2566,Jan,72.0
น่าน,2023,2566,Jul,67.2
น่าน,2023,2566,Jun,51.25
น่าน,2023,2566,Mar,35.75
น่าน,2023,2566,May,38.75
น่าน,2023,2566,Nov,81.75
น่าน,2023,2566,Oct,79.4
น่าน,2023,2566,Sep,52.75
น่าน,2024,2567,Apr,31.75
น่าน,2024,2567,Aug,42.5
น่าน,2024,2567,Dec,83.2
น่าน,2024,2567,Feb,33.25
น่าน,2024,2567,Jan,44.0
น่าน,2024,2567,Jul,56.0
น่าน,2024,2567,Jun,46.8
น่าน,2024,2567,Mar,28.2
น่าน,2024,2567,May,46.5
น่าน,2024,2567,Nov,72.5
น่าน,2024,2567,Oct,62.75
น่าน,2024,2567,Sep,36.6
น่าน,2025,2568,Apr,30.25
น่าน,2025,2568,Aug,33.8
น่าน,2025,2568,Dec,63.5
น่าน,2025,2568,Feb,28.5
น่าน,2025,2568,Jan,40.5
น่าน,2025,2568,Jul,38.75
น่าน,2025,2568,Jun,44.2
น่าน,2025,2568,Mar,24.0
น่าน,2025,2568,May,46.25
น่าน,2025,2568,Nov,55.4
น่าน,2025,2568,Oct,70.0
น่าน,2025,2568,Sep,43.25
บึงกาฬ,2023,2566,Apr,35.2
บึงกาฬ,2023,2566,Aug,20.75
บึงกาฬ,2023,2566,Dec,34.2
บึงกาฬ,2023,2566,Feb,27.0
บึงกาฬ,2023,2566,Jan,35.2
บึงกาฬ,2023,2566,Jul,36.4
บึงกาฬ,2023,2566,Jun,19.5
บึงกาฬ,2023,2566,Mar,22.75
บึงกาฬ,2023,2566,May,17.5
บึงกาฬ,2023,2566,Nov,27.75
บึงกาฬ,2023,2566,Oct,25.4
บึงกาฬ,2023,2566,Sep,18.75
บึงกาฬ,2024,2567,Apr,25.5
บึงกาฬ,2024,2567,Aug,0.0
บึงกาฬ,2024,2567,Dec,24.6
บึงกาฬ,2024,2567,Feb,26.75
บึงกาฬ,2024,2567,Jan,27.5
บึงกาฬ,2024,2567,Jul,25.0
บึงกาฬ,2024,2567,Jun,17.8
บึงกาฬ,2024,2567,Mar,17.6
บึงกาฬ,2024,2567,May,15.75
บึงกาฬ,2024,2567,Nov,16.25
บึงกาฬ,2024,2567,Oct,28.75
บึงกาฬ,2024,2567,Sep,7.6
บึงกาฬ,2025,2568,Apr,6.75
บึงกาฬ,2025,2568,Aug,10.2
บึงกาฬ,2025,2568,Dec,13.0
บึงกาฬ,2025,2568,Feb,0.0
บึงกาฬ,2025,2568,Jan,21.25
บึงกาฬ,2025,2568,Jul,7.25
บึงกาฬ,2025,2568,Jun,8.0
บึงกาฬ,2025,2568,Mar,0.0
บึงกาฬ,2025,2568,May,14.5
บึงกาฬ,2025,2568,Nov,15.0
บึงกาฬ,2025,2568,Oct,16.75
บึงกาฬ,2025,2568,Sep,4.25
บุรีรัมย์,2023,2566,Apr,66.8
บุรีรัมย์,2023,2566,Aug,40.25
บุรีรัมย์,2023,2566,Dec,63.0
บุรีรัมย์,2023,2566,Feb,58.25
บุรีรัมย์,2023,2566,Jan,62.6
บุรีรัมย์,2023,2566,Jul,49.4
บุรีรัมย์,2023,2566,Jun,39.0
บุรีรัมย์,2023,2566,Mar,58.75
บุรีรัมย์,2023,2566,May,34.75
บุรีรัมย์,2023,2566,Nov,49.75
บุรีรัมย์,2023,2566,Oct,45.4
บุรีรัมย์,2023,2566,Sep,37.5
บุรีรัมย์,2024,2567,Apr,44.75
บุรีรัมย์,2024,2567,Aug,37.5
บุรีรัมย์,2024,2567,Dec,50.2
บุรีรัมย์,2024,2567,Feb,33.0
บุรีรัมย์,2024,2567,Jan,45.75
บุรีรัมย์,2024,2567,Jul,24.75
บุรีรัมย์,2024,2567,Jun,32.4
บุรีรัมย์,2024,2567,Mar,41.6
บุรีรัมย์,2024,2567,May,27.0
บุรีรัมย์,2024,2567,Nov,39.5
บุรีรัมย์,2024,2567,Oct,42.0
บุรีรัมย์,2024,2567,Sep,28.4
บุรีรัมย์,2025,2568,Apr,38.5
บุรีรัมย์,2025,2568,Aug,13.6
บุรีรัมย์,2025,2568,Dec,25.25
บุรีรัมย์,2025,2568,Feb,22.5
บุรีรัมย์,2025,2568,Jan,34.5
บุรีรัมย์,2025,2568,Jul,30.25
บุรีรัมย์,2025,2568,Jun,29.6
บุรีรัมย์,2025,2568,Mar,31.8
บุรีรัมย์,2025,2568,May,23.75
บุรีรัมย์,2025,2568,Nov,22.8
บุรีรัมย์,2025,2568,Oct,30.25
บุรีรัมย์,2025,2568,Sep,20.75
ปทุมธานี,2023,2566,Apr,20.2
ปทุมธานี,2023,2566,Aug,14.75
ปทุมธานี,2023,2566,Dec,19.8
ปทุมธานี,2023,2566,Feb,11.5
ปทุมธานี,2023,2566,Jan,16.4
ปทุมธานี,2023,2566,Jul,17.0
ปทุมธานี,2023,2566,Jun,16.5
ปทุมธานี,2023,2566,Mar,16.75
ปทุมธานี,2023,2566,May,12.0
ปทุมธานี,2023,2566,Nov,11.25
ปทุมธานี,2023,2566,Oct,13.8
ปทุมธานี,2023,2566,Sep,11.75
ปทุมธานี,2024,2567,Apr,14.25
ปทุมธานี,2024,2567,Aug,8.75
ปทุมธานี,2024,2567,Dec,9.6
ปทุมธานี,2024,2567,Feb,10.75
ปทุมธานี,2024,2567,Jan,11.75
ปทุมธานี,2024,2567,Jul,9.5
ปทุมธานี,2024,2567,Jun,9.6
ปทุมธานี,2024,2567,Mar,6.4
ปทุมธานี,2024,2567,May,11.75
ปทุมธานี,2024,2567,Nov,9.0
ปทุมธานี,2024,2567,Oct,10.75
ปทุมธานี,2024,2567,Sep,4.8
ปทุมธานี,2025,2568,Apr,10.75
ปทุมธานี,2025,2568,Aug,6.2
ปทุมธานี,2025,2568,Dec,5.0
ปทุมธานี,2025,2568,Feb,11.0
ปทุมธานี,2025,2568,Jan,8.0
ปทุมธานี,2025,2568,Jul,12.25
ปทุมธานี,2025,2568,Jun,3.8
ปทุมธานี,2025,2568,Mar,3.6
ปทุมธานี,2025,2568,May,5.25
ปทุมธานี,2025,2568,Nov,4.2
ปทุมธานี,2025,2568,Oct,7.5
ปทุมธานี,2025,2568,Sep,0.0
ประจวบคีรีขันธ์,2023,2566,Apr,12.8
ประจวบคีรีขันธ์,2023,2566,Aug,4.75
ประจวบคีรีขันธ์,2023,2566,Dec,6.2
ประจวบคีรีขันธ์,2023,2566,Feb,7.0
ประจวบคีรีขันธ์,2023,2566,Jan,6.0
ประจวบคีรีขันธ์,2023,2566,Jul,7.0
ประจวบคีรีขันธ์,2023,2566,Jun,5.5
ประจวบคีรีขันธ์,2023,2566,Mar,10.5
ประจวบคีรีขันธ์,2023,2566,May,5.75
ประจวบคีรีขันธ์,2023,2566,Nov,5.5
ประจวบคีรีขันธ์,2023,2566,Oct,6.0
ประจวบคีรีขันธ์,2023,2566,Sep,5.25
ประจวบคีรีขันธ์,2024,2567,Apr,9.25
ประจวบคีรีขันธ์,2024,2567,Aug,2.75
ประจวบคีรีขันธ์,2024,2567,Dec,4.0
ประจวบคีรีขันธ์,2024,2567,Feb,5.75
ประจวบคีรีขันธ์,2024,2567,Jan,3.25
ประจวบคีรีขันธ์,2024,2567,Jul,5.75
ประจวบคีรีขันธ์,2024,2567,Jun,4.0
ประจวบคีรีขันธ์,2024,2567,Mar,7.8
ประจวบคีรีขันธ์,2024,2567,May,6.25
ประจวบคีรีขันธ์,2024,2567,Nov,1.0
ประจวบคีรีขันธ์,2024,2567,Oct,5.25
ประจวบคีรีขันธ์,2024,2567,Sep,3.2
ประจวบคีรีขันธ์,2025,2568,Apr,7.25
ประจวบคีรีขันธ์,2025,2568,Aug,3.4
ประจวบคีรีขันธ์,2025,2568,Dec,4.5
ประจวบคีรีขันธ์,2025,2568,Feb,4.75
ประจวบคีรีขันธ์,2025,2568,Jan,2.0
ประจวบคีรีขันธ์,2025,2568,Jul,4.0
ประจวบคีรีขันธ์,2025,2568,Jun,4.0
ประจวบคีรีขันธ์,2025,2568,Mar,5.6
ประจวบคีรีขันธ์,2025,2568,May,2.5
ประจวบคีรีขันธ์,2025,2568,Nov,3.0
ประจวบคีรีขันธ์,2025,2568,Oct,4.75
ประจวบคีรีขันธ์,2025,2568,Sep,3.0
ปราจีนบุรี,2023,2566,Apr,6.2
ปราจีนบุรี,2023,2566,Aug,4.75
ปราจีนบุรี,2023,2566,Dec,6.6
ปราจีนบุรี,2023,2566,Feb,4.75
ปราจีนบุรี,2023,2566,Jan,4.6
ปราจีนบุรี,2023,2566,Jul,6.6
ปราจีนบุรี,2023,2566,Jun,5.25
ปราจีนบุรี,2023,2566,Mar,5.25
ปราจีนบุรี,2023,2566,May,4.75
ปราจีนบุรี,2023,2566,Nov,5.5
ปราจีนบุรี,2023,2566,Oct,6.0
ปราจีนบุรี,2023,2566,Sep,4.75
ปราจีนบุรี,2024,2567,Apr,4.75
ปราจีนบุรี,2024,2567,Aug,4.0
ปราจีนบุรี,2024,2567,Dec,4.8
ปราจีนบุรี,2024,2567,Feb,4.25
ปราจีนบุรี,2024,2567,Jan,4.5
ปราจีนบุรี,2024,2567,Jul,4.25
ปราจีนบุรี,2024,2567,Jun,3.6
ปราจีนบุรี,2024,2567,Mar,2.4
ปราจีนบุรี,2024,2567,May,4.75
ปราจีนบุรี,2024,2567,Nov,5.25
ปราจีนบุรี,2024,2567,Oct,5.0
ปราจีนบุรี,2024,2567,Sep,3.6
ปราจีนบุรี,2025,2568,Apr,4.75
ปราจีนบุรี,2025,2568,Aug,3.2
ปราจีนบุรี,2025,2568,Dec,3.5
ปราจีนบุรี,2025,2568,Feb,3.5
ปราจีนบุรี,2025,2568,Jan,2.5
ปราจีนบุรี,2025,2568,Jul,3.0
ปราจีนบุรี,2025,2568,Jun,2.6
ปราจีนบุรี,2025,2568,Mar,2.4
ปราจีนบุรี,2025,2568,May,2.0
ปราจีนบุรี,2025,2568,Nov,2.2
ปราจีนบุรี,2025,2568,Oct,2.75
ปราจีนบุรี,2025,2568,Sep,2.5
ปัตตานี,2023,2566,Apr,0.8
ปัตตานี,2023,2566,Aug,1.0
ปัตตานี,2023,2566,Dec,1.2
ปัตตานี,2023,2566,Feb,1.75
ปัตตานี,2023,2566,Jan,1.6
ปัตตานี,2023,2566,Jul,0.8
ปัตตานี,2023,2566,Jun,1.0
ปัตตานี,2023,2566,Mar,2.0
ปัตตานี,2023,2566,May,0.75
ปัตตานี,2023,2566,Nov,0.0
ปัตตานี,2023,2566,Oct,0.6
ปัตตานี,2023,2566,Sep,0.0
ปัตตานี,2024,2567,Apr,0.0
ปัตตานี,2024,2567,Aug,0.0
ปัตตานี,2024,2567,Dec,0.0
ปัตตานี,2024,2567,Feb,0.0
ปัตตานี,2024,2567,Jan,1.0
ปัตตานี,2024,2567,Jul,0.0
ปัตตานี,2024,2567,Jun,0.8
ปัตตานี,2024,2567,Mar,0.0
ปัตตานี,2024,2567,May,0.0
ปัตตานี,2024,2567,Nov,0.0
ปัตตานี,2024,2567,Oct,1.0
ปัตตานี,2024,2567,Sep,0.0
ปัตตานี,2025,2568,Apr,0.0
ปัตตานี,2025,2568,Aug,1.2
ปัตตานี,2025,2568,Dec,0.0
ปัตตานี,2025,2568,Feb,1.0
ปัตตานี,2025,2568,Jan,0.0
ปัตตานี,2025,2568,Jul,0.0
ปัตตานี,2025,2568,Jun,0.0
ปัตตานี,2025,2568,Mar,0.0
ปัตตานี,2025,2568,May,0.0
ปัตตานี,2025,2568,Nov,0.0
ปัตตานี,2025,2568,Oct,0.0
ปัตตานี,2025,2568,Sep,0.0
พระนครศรีอยุธยา,2023,2566,Apr,0.0
พระนครศรีอยุธยา,2023,2566,Aug,0.0
พระนครศรีอยุธยา,2023,2566,Dec,0.0
พระนครศรีอยุธยา,2023,2566,Feb,0.0
พระนครศรีอยุธยา,2023,2566,Jan,0.0
พระนครศรีอยุธยา,2023,2566,Jul,0.0
พระนครศรีอยุธยา,2023,2566,Jun,0.0
พระนครศรีอยุธยา,2023,2566,Mar,0.0
พระนครศรีอยุธยา,2023,2566,May,0.0
พระนครศรีอยุธยา,2023,2566,Nov,0.0
พระนครศรีอยุธยา,2023,2566,Oct,0.0
พระนครศรีอยุธยา,2023,2566,Sep,0.0
พระนครศรีอยุธยา,2024,2567,Apr,0.0
พระนครศรีอยุธยา,2024,2567,Aug,0.0
พระนครศรีอยุธยา,2024,2567,Dec,0.0
พระนครศรีอยุธยา,2024,2567,Feb,0.0
พระนครศรีอยุธยา,2024,2567,Jan,0.0
พระนครศรีอยุธยา,2024,2567,Jul,0.0
พระนครศรีอยุธยา,2024,2567,Jun,0.0
พระนครศรีอยุธยา,2024,2567,Mar,0.0
พระนครศรีอยุธยา,2024,2567,May,0.0
พระนครศรีอยุธยา,2024,2567,Nov,0.0
พระนครศรีอยุธยา,2024,2567,Oct,0.0
พระนครศรีอยุธยา,2024,2567,Sep,0.0
พระนครศรีอยุธยา,2025,2568,Apr,0.0
พระนครศรีอยุธยา,2025,2568,Aug,0.0
พระนครศรีอยุธยา,2025,2568,Dec,0.0
พระนครศรีอยุธยา,2025,2568,Feb,0.0
พระนครศรีอยุธยา,2025,2568,Jan,0.0
พระนครศรีอยุธยา,2025,2568,Jul,0.0
พระนครศรีอยุธยา,2025,2568,Jun,0.0
พระนครศรีอยุธยา,2025,2568,Mar,0.0
พระนครศรีอยุธยา,2025,2568,May,0.0
พระนครศรีอยุธยา,2025,2568,Nov,0.0
พระนครศรีอยุธยา,2025,2568,Oct,0.0
พระนครศรีอยุธยา,2025,2568,Sep,0.0
พะเยา,2023,2566,Apr,15.8
พะเยา,2023,2566,Aug,10.25
พะเยา,2023,2566,Dec,25.6
พะเยา,2023,2566,Feb,12.0
พะเยา,2023,2566,Jan,17.2
พะเยา,2023,2566,Jul,15.8
พะเยา,2023,2566,Jun,12.0
พะเยา,2023,2566,Mar,11.75
พะเยา,2023,2566,May,13.5
พะเยา,2023,2566,Nov,18.5
พะเยา,2023,2566,Oct,18.6
พะเยา,2023,2566,Sep,10.25
พะเยา,2024,2567,Apr,11.75
พะเยา,2024,2567,Aug,12.0
พะเยา,2024,2567,Dec,18.2
พะเยา,2024,2567,Feb,9.75
พะเยา,2024,2567,Jan,12.0
พะเยา,2024,2567,Jul,14.25
พะเยา,2024,2567,Jun,12.6
พะเยา,2024,2567,Mar,8.2
พะเยา,2024,2567,May,9.75
พะเยา,2024,2567,Nov,11.75
พะเยา,2024,2567,Oct,9.25
พะเยา,2024,2567,Sep,7.0
พะเยา,2025,2568,Apr,9.0
พะเยา,2025,2568,Aug,9.4
พะเยา,2025,2568,Dec,20.75
พะเยา,2025,2568,Feb,7.0
พะเยา,2025,2568,Jan,4.5
พะเยา,2025,2568,Jul,8.5
พะเยา,2025,2568,Jun,2.4
พะเยา,2025,2568,Mar,1.4
พะเยา,2025,2568,May,4.25
พะเยา,2025,2568,Nov,16.6
พะเยา,2025,2568,Oct,18.25
พะเยา,2025,2568,Sep,10.5
พังงา,2023,2566,Apr,29.2
พังงา,2023,2566,Aug,11.75
พังงา,2023,2566,Dec,16.8
พังงา,2023,2566,Feb,15.25
พังงา,2023,2566,Jan,16.2
พังงา,2023,2566,Jul,14.8
พังงา,2023,2566,Jun,12.5
พังงา,2023,2566,Mar,26.75
พังงา,2023,2566,May,13.75
พังงา,2023,2566,Nov,12.25
พังงา,2023,2566,Oct,12.4
พังงา,2023,2566,Sep,9.0
พังงา,2024,2567,Apr,21.75
พังงา,2024,2567,Aug,7.75
พังงา,2024,2567,Dec,11.2
พังงา,2024,2567,Feb,16.25
พังงา,2024,2567,Jan,14.75
พังงา,2024,2567,Jul,10.75
พังงา,2024,2567,Jun,8.6
พังงา,2024,2567,Mar,17.6
พังงา,2024,2567,May,11.75
พังงา,2024,2567,Nov,9.0
พังงา,2024,2567,Oct,11.25
พังงา,2024,2567,Sep,8.0
พังงา,2025,2568,Apr,13.5
พังงา,2025,2568,Aug,8.4
พังงา,2025,2568,Dec,10.75
พังงา,2025,2568,Feb,10.75
พังงา,2025,2568,Jan,9.5
พังงา,2025,2568,Jul,10.75
พังงา,2025,2568,Jun,7.6
พังงา,2025,2568,Mar,14.8
พังงา,2025,2568,May,8.75
พังงา,2025,2568,Nov,6.4
พังงา,2025,2568,Oct,9.5
พังงา,2025,2568,Sep,9.5
พัทลุง,2023,2566,Apr,20.6
พัทลุง,2023,2566,Aug,7.25
พัทลุง,2023,2566,Dec,8.8
พัทลุง,2023,2566,Feb,9.5
พัทลุง,2023,2566,Jan,10.0
พัทลุง,2023,2566,Jul,9.6
พัทลุง,2023,2566,Jun,7.25
พัทลุง,2023,2566,Mar,12.25
พัทลุง,2023,2566,May,8.75
พัทลุง,2023,2566,Nov,5.0
พัทลุง,2023,2566,Oct,9.2
พัทลุง,2023,2566,Sep,7.5
พัทลุง,2024,2567,Apr,14.25
พัทลุง,2024,2567,Aug,5.0
พัทลุง,2024,2567,Dec,4.8
พัทลุง,2024,2567,Feb,8.75
พัทลุง,2024,2567,Jan,6.0
พัทลุง,2024,2567,Jul,5.5
พัทลุง,2024,2567,Jun,5.8
พัทลุง,2024,2567,Mar,9.8
พัทลุง,2024,2567,May,6.75
พัทลุง,2024,2567,Nov,3.25
พัทลุง,2024,2567,Oct,9.25
พัทลุง,2024,2567,Sep,4.0
พัทลุง,2025,2568,Apr,10.0
พัทลุง,2025,2568,Aug,5.8
พัทลุง,2025,2568,Dec,5.0
พัทลุง,2025,2568,Feb,4.25
พัทลุง,2025,2568,Jan,5.5
พัทลุง,2025,2568,Jul,7.75
พัทลุง,2025,2568,Jun,5.0
พัทลุง,2025,2568,Mar,6.0
พัทลุง,2025,2568,May,5.75
พัทลุง,2025,2568,Nov,1.8
พัทลุง,2025,2568,Oct,5.75
พัทลุง,2025,2568,Sep,5.75
พิจิตร,2023,2566,Apr,12.4
พิจิตร,2023,2566,Aug,6.25
พิจิตร,2023,2566,Dec,10.6
พิจิตร,2023,2566,Feb,2.75
พิจิตร,2023,2566,Jan,7.8
พิจิตร,2023,2566,Jul,7.0
พิจิตร,2023,2566,Jun,6.5
พิจิตร,2023,2566,Mar,8.75
พิจิตร,2023,2566,May,8.75
พิจิตร,2023,2566,Nov,9.75
พิจิตร,2023,2566,Oct,8.2
พิจิตร,2023,2566,Sep,4.75
พิจิตร,2024,2567,Apr,2.5
พิจิตร,2024,2567,Aug,0.0
พิจิตร,2024,2567,Dec,5.0
พิจิตร,2024,2567,Feb,2.25
พิจิตร,2024,2567,Jan,0.0
พิจิตร,2024,2567,Jul,3.0
พิจิตร,2024,2567,Jun,0.0
พิจิตร,2024,2567,Mar,2.0
พิจิตร,2024,2567,May,0.0
พิจิตร,2024,2567,Nov,0.0
พิจิตร,2024,2567,Oct,3.0
พิจิตร,2024,2567,Sep,1.8
พิจิตร,2025,2568,Apr,0.0
พิจิตร,2025,2568,Aug,0.0
พิจิตร,2025,2568,Dec,5.0
พิจิตร,2025,2568,Feb,0.0
พิจิตร,2025,2568,Jan,0.0
พิจิตร,2025,2568,Jul,0.0
พิจิตร,2025,2568,Jun,0.0
พิจิตร,2025,2568,Mar,0.0
พิจิตร,2025,2568,May,3.75
พิจิตร,2025,2568,Nov,0.0
พิจิตร,2025,2568,Oct,2.75
พิจิตร,2025,2568,Sep,0.0
พิษณุโลก,2023,2566,Apr,64.4
พิษณุโลก,2023,2566,Aug,51.25
พิษณุโลก,2023,2566,Dec,79.2
พิษณุโลก,2023,2566,Feb,54.5
พิษณุโลก,2023,2566,Jan,71.8
พิษณุโลก,2023,2566,Jul,68.6
พิษณุโลก,2023,2566,Jun,56.25
พิษณุโลก,2023,2566,Mar,64.25
พิษณุโลก,2023,2566,May,51.5
พิษณุโลก,2023,2566,Nov,65.75
พิษณุโลก,2023,2566,Oct,63.4
พิษณุโลก,2023,2566,Sep,47.75
พิษณุโลก,2024,2567,Apr,50.25
พิษณุโลก,2024,2567,Aug,40.0
พิษณุโลก,2024,2567,Dec,64.2
พิษณุโลก,2024,2567,Feb,47.25
พิษณุโลก,2024,2567,Jan,47.25
พิษณุโลก,2024,2567,Jul,49.5
พิษณุโลก,2024,2567,Jun,38.2
พิษณุโลก,2024,2567,Mar,38.4
พิษณุโลก,2024,2567,May,40.75
พิษณุโลก,2024,2567,Nov,55.75
พิษณุโลก,2024,2567,Oct,50.0
พิษณุโลก,2024,2567,Sep,33.2
พิษณุโลก,2025,2568,Apr,41.5
พิษณุโลก,2025,2568,Aug,35.4
พิษณุโลก,2025,2568,Dec,61.25
พิษณุโลก,2025,2568,Feb,32.25
พิษณุโลก,2025,2568,Jan,39.5
พิษณุโลก,2025,2568,Jul,42.5
พิษณุโลก,2025,2568,Jun,33.0
พิษณุโลก,2025,2568,Mar,39.6
พิษณุโลก,2025,2568,May,35.75
พิษณุโลก,2025,2568,Nov,38.8
พิษณุโลก,2025,2568,Oct,48.5
พิษณุโลก,2025,2568,Sep,32.5
ภูเก็ต,2023,2566,Apr,79.6
ภูเก็ต,2023,2566,Aug,44.0
ภูเก็ต,2023,2566,Dec,43.8
ภูเก็ต,2023,2566,Feb,60.5
ภูเก็ต,2023,2566,Jan,53.6
ภูเก็ต,2023,2566,Jul,45.8
ภูเก็ต,2023,2566,Jun,50.5
ภูเก็ต,2023,2566,Mar,77.5
ภูเก็ต,2023,2566,May,52.5
ภูเก็ต,2023,2566,Nov,42.0
ภูเก็ต,2023,2566,Oct,48.0
ภูเก็ต,2023,2566,Sep,38.5
ภูเก็ต,2024,2567,Apr,51.25
ภูเก็ต,2024,2567,Aug,29.25
ภูเก็ต,2024,2567,Dec,30.6
ภูเก็ต,2024,2567,Feb,45.75
ภูเก็ต,2024,2567,Jan,47.75
ภูเก็ต,2024,2567,Jul,31.5
ภูเก็ต,2024,2567,Jun,35.6
ภูเก็ต,2024,2567,Mar,48.4
ภูเก็ต,2024,2567,May,39.75
ภูเก็ต,2024,2567,Nov,33.75
ภูเก็ต,2024,2567,Oct,35.5
ภูเก็ต,2024,2567,Sep,26.8
ภูเก็ต,2025,2568,Apr,40.75
ภูเก็ต,2025,2568,Aug,29.0
ภูเก็ต,2025,2568,Dec,24.0
ภูเก็ต,2025,2568,Feb,35.5
ภูเก็ต,2025,2568,Jan,31.25
ภูเก็ต,2025,2568,Jul,27.0
ภูเก็ต,2025,2568,Jun,26.4
ภูเก็ต,2025,2568,Mar,37.6
ภูเก็ต,2025,2568,May,27.0
ภูเก็ต,2025,2568,Nov,26.4
ภูเก็ต,2025,2568,Oct,30.25
ภูเก็ต,2025,2568,Sep,26.75
มหาสารคาม,2023,2566,Apr,16.6
มหาสารคาม,2023,2566,Aug,0.0
มหาสารคาม,2023,2566,Dec,14.0
มหาสารคาม,2023,2566,Feb,5.75
มหาสารคาม,2023,2566,Jan,9.4
มหาสารคาม,2023,2566,Jul,8.4
มหาสารคาม,2023,2566,Jun,13.0
มหาสารคาม,2023,2566,Mar,8.75
มหาสารคาม,2023,2566,May,7.0
มหาสารคาม,2023,2566,Nov,2.0
มหาสารคาม,2023,2566,Oct,10.4
มหาสารคาม,2023,2566,Sep,2.25
มหาสารคาม,2024,2567,Apr,4.25
มหาสารคาม,2024,2567,Aug,0.0
มหาสารคาม,2024,2567,Dec,3.0
มหาสารคาม,2024,2567,Feb,4.75
มหาสารคาม,2024,2567,Jan,7.5
มหาสารคาม,2024,2567,Jul,2.25
มหาสารคาม,2024,2567,Jun,2.6
มหาสารคาม,2024,2567,Mar,2.6
มหาสารคาม,2024,2567,May,0.0
มหาสารคาม,2024,2567,Nov,2.75
มหาสารคาม,2024,2567,Oct,0.0
มหาสารคาม,2024,2567,Sep,3.0
มหาสารคาม,2025,2568,Apr,0.0
มหาสารคาม,2025,2568,Aug,0.0
มหาสารคาม,2025,2568,Dec,0.0
มหาสารคาม,2025,2568,Feb,2.75
มหาสารคาม,2025,2568,Jan,0.0
มหาสารคาม,2025,2568,Jul,6.5
มหาสารคาม,2025,2568,Jun,0.0
มหาสารคาม,2025,2568,Mar,0.0
มหาสารคาม,2025,2568,May,0.0
มหาสารคาม,2025,2568,Nov,0.0
มหาสารคาม,2025,2568,Oct,0.0
มหาสารคาม,2025,2568,Sep,0.0
มุกดาหาร,2023,2566,Apr,17.0
มุกดาหาร,2023,2566,Aug,7.75
มุกดาหาร,2023,2566,Dec,13.4
มุกดาหาร,2023,2566,Feb,11.75
มุกดาหาร,2023,2566,Jan,16.0
มุกดาหาร,2023,2566,Jul,13.4
มุกดาหาร,2023,2566,Jun,11.25
มุกดาหาร,2023,2566,Mar,13.0
มุกดาหาร,2023,2566,May,13.0
มุกดาหาร,2023,2566,Nov,9.0
มุกดาหาร,2023,2566,Oct,15.0
มุกดาหาร,2023,2566,Sep,3.25
มุกดาหาร,2024,2567,Apr,2.25
มุกดาหาร,2024,2567,Aug,5.25
มุกดาหาร,2024,2567,Dec,9.8
มุกดาหาร,2024,2567,Feb,3.25
มุกดาหาร,2024,2567,Jan,12.25
มุกดาหาร,2024,2567,Jul,0.0
มุกดาหาร,2024,2567,Jun,2.0
มุกดาหาร,2024,2567,Mar,5.8
มุกดาหาร,2024,2567,May,7.0
มุกดาหาร,2024,2567,Nov,2.75
มุกดาหาร,2024,2567,Oct,9.5
มุกดาหาร,2024,2567,Sep,2.0
มุกดาหาร,2025,2568,Apr,0.0
มุกดาหาร,2025,2568,Aug,3.6
มุกดาหาร,2025,2568,Dec,5.75
มุกดาหาร,2025,2568,Feb,0.0
มุกดาหาร,2025,2568,Jan,0.0
มุกดาหาร,2025,2568,Jul,3.25
มุกดาหาร,2025,2568,Jun,2.2
มุกดาหาร,2025,2568,Mar,0.0
มุกดาหาร,2025,2568,May,0.0
มุกดาหาร,2025,2568,Nov,5.4
มุกดาหาร,2025,2568,Oct,2.5
มุกดาหาร,2025,2568,Sep,2.5
ยะลา,2023,2566,Apr,2.0
ยะลา,2023,2566,Aug,0.0
ยะลา,2023,2566,Dec,0.0
ยะลา,2023,2566,Feb,1.25
ยะลา,2023,2566,Jan,0.6
ยะลา,2023,2566,Jul,2.4
ยะลา,2023,2566,Jun,0.75
ยะลา,2023,2566,Mar,2.75
ยะลา,2023,2566,May,0.0
ยะลา,2023,2566,Nov,0.0
ยะลา,2023,2566,Oct,1.2
ยะลา,2023,2566,Sep,0.75
ยะลา,2024,2567,Apr,0.0
ยะลา,2024,2567,Aug,1.0
ยะลา,2024,2567,Dec,0.0
ยะลา,2024,2567,Feb,0.0
ยะลา,2024,2567,Jan,0.0
ยะลา,2024,2567,Jul,0.0
ยะลา,2024,2567,Jun,0.0
ยะลา,2024,2567,Mar,0.0
ยะลา,2024,2567,May,0.0
ยะลา,2024,2567,Nov,0.0
ยะลา,2024,2567,Oct,0.0
ยะลา,2024,2567,Sep,0.8
ยะลา,2025,2568,Apr,0.0
ยะลา,2025,2568,Aug,0.6
ยะลา,2025,2568,Dec,0.0
ยะลา,2025,2568,Feb,0.0
ยะลา,2025,2568,Jan,0.0
ยะลา,2025,2568,Jul,0.0
ยะลา,2025,2568,Jun,0.0
ยะลา,2025,2568,Mar,0.0
ยะลา,2025,2568,May,1.0
ยะลา,2025,2568,Nov,0.0
ยะลา,2025,2568,Oct,0.0
ยะลา,2025,2568,Sep,0.0
ยโสธร,2023,2566,Apr,14.8
ยโสธร,2023,2566,Aug,3.25
ยโสธร,2023,2566,Dec,4.2
ยโสธร,2023,2566,Feb,8.0
ยโสธร,2023,2566,Jan,15.0
ยโสธร,2023,2566,Jul,7.2
ยโสธร,2023,2566,Jun,3.0
ยโสธร,2023,2566,Mar,15.0
ยโสธร,2023,2566,May,8.0
ยโสธร,2023,2566,Nov,0.0
ยโสธร,2023,2566,Oct,4.4
ยโสธร,2023,2566,Sep,3.75
ยโสธร,2024,2567,Apr,0.0
ยโสธร,2024,2567,Aug,0.0
ยโสธร,2024,2567,Dec,0.0
ยโสธร,2024,2567,Feb,4.0
ยโสธร,2024,2567,Jan,7.0
ยโสธร,2024,2567,Jul,0.0
ยโสธร,2024,2567,Jun,0.0
ยโสธร,2024,2567,Mar,3.6
ยโสธร,2024,2567,May,0.0
ยโสธร,2024,2567,Nov,0.0
ยโสธร,2024,2567,Oct,6.0
ยโสธร,2024,2567,Sep,0.0
ยโสธร,2025,2568,Apr,0.0
ยโสธร,2025,2568,Aug,3.8
ยโสธร,2025,2568,Dec,5.75
ยโสธร,2025,2568,Feb,0.0
ยโสธร,2025,2568,Jan,0.0
ยโสธร,2025,2568,Jul,0.0
ยโสธร,2025,2568,Jun,0.0
ยโสธร,2025,2568,Mar,0.0
ยโสธร,2025,2568,May,0.0
ยโสธร,2025,2568,Nov,0.0
ยโสธร,2025,2568,Oct,0.0
ยโสธร,2025,2568,Sep,0.0
ระนอง,2023,2566,Apr,30.8
ระนอง,2023,2566,Aug,9.75
ระนอง,2023,2566,Dec,14.2
ระนอง,2023,2566,Feb,19.0
ระนอง,2023,2566,Jan,16.6
ระนอง,2023,2566,Jul,14.0
ระนอง,2023,2566,Jun,12.5
ระนอง,2023,2566,Mar,28.0
ระนอง,2023,2566,May,15.0
ระนอง,2023,2566,Nov,13.5
ระนอง,2023,2566,Oct,14.6
ระนอง,2023,2566,Sep,8.75
ระนอง,2024,2567,Apr,22.0
ระนอง,2024,2567,Aug,5.0
ระนอง,2024,2567,Dec,11.0
ระนอง,2024,2567,Feb,12.5
ระนอง,2024,2567,Jan,15.25
ระนอง,2024,2567,Jul,11.0
ระนอง,2024,2567,Jun,9.6
ระนอง,2024,2567,Mar,19.6
ระนอง,2024,2567,May,10.5
ระนอง,2024,2567,Nov,7.5
ระนอง,2024,2567,Oct,10.75
ระนอง,2024,2567,Sep,7.2
ระนอง,2025,2568,Apr,17.0
ระนอง,2025,2568,Aug,8.2
ระนอง,2025,2568,Dec,13.25
ระนอง,2025,2568,Feb,12.75
ระนอง,2025,2568,Jan,12.5
ระนอง,2025,2568,Jul,10.25
ระนอง,2025,2568,Jun,8.0
ระนอง,2025,2568,Mar,14.6
ระนอง,2025,2568,May,10.75
ระนอง,2025,2568,Nov,9.2
ระนอง,2025,2568,Oct,11.75
ระนอง,2025,2568,Sep,9.0
ระยอง,2023,2566,Apr,76.4
ระยอง,2023,2566,Aug,26.0
ระยอง,2023,2566,Dec,31.2
ระยอง,2023,2566,Feb,36.75
ระยอง,2023,2566,Jan,29.6
ระยอง,2023,2566,Jul,38.0
ระยอง,2023,2566,Jun,31.5
ระยอง,2023,2566,Mar,58.0
ระยอง,2023,2566,May,39.25
ระยอง,2023,2566,Nov,21.75
ระยอง,2023,2566,Oct,28.4
ระยอง,2023,2566,Sep,19.25
ระยอง,2024,2567,Apr,50.5
ระยอง,2024,2567,Aug,21.0
ระยอง,2024,2567,Dec,26.2
ระยอง,2024,2567,Feb,31.0
ระยอง,2024,2567,Jan,22.75
ระยอง,2024,2567,Jul,25.5
ระยอง,2024,2567,Jun,21.2
ระยอง,2024,2567,Mar,37.6
ระยอง,2024,2567,May,30.0
ระยอง,2024,2567,Nov,17.5
ระยอง,2024,2567,Oct,27.5
ระยอง,2024,2567,Sep,15.6
ระยอง,2025,2568,Apr,41.5
ระยอง,2025,2568,Aug,18.4
ระยอง,2025,2568,Dec,23.5
ระยอง,2025,2568,Feb,19.5
ระยอง,2025,2568,Jan,15.25
ระยอง,2025,2568,Jul,26.5
ระยอง,2025,2568,Jun,18.4
ระยอง,2025,2568,Mar,28.6
ระยอง,2025,2568,May,24.75
ระยอง,2025,2568,Nov,18.0
ระยอง,2025,2568,Oct,22.25
ระยอง,2025,2568,Sep,15.5
ราชบุรี,2023,2566,Apr,35.0
ราชบุรี,2023,2566,Aug,27.0
ราชบุรี,2023,2566,Dec,39.2
ราชบุรี,2023,2566,Feb,23.0
ราชบุรี,2023,2566,Jan,35.0
ราชบุรี,2023,2566,Jul,34.4
ราชบุรี,2023,2566,Jun,24.75
ราชบุรี,2023,2566,Mar,30.75
ราชบุรี,2023,2566,May,21.75
ราชบุรี,2023,2566,Nov,27.25
ราชบุรี,2023,2566,Oct,30.0
ราชบุรี,2023,2566,Sep,22.0
ราชบุรี,2024,2567,Apr,25.5
ราชบุรี,2024,2567,Aug,21.5
ราชบุรี,2024,2567,Dec,29.8
ราชบุรี,2024,2567,Feb,24.75
ราชบุรี,2024,2567,Jan,22.5
ราชบุรี,2024,2567,Jul,25.25
ราชบุรี,2024,2567,Jun,18.0
ราชบุรี,2024,2567,Mar,22.6
ราชบุรี,2024,2567,May,18.25
ราชบุรี,2024,2567,Nov,20.0
ราชบุรี,2024,2567,Oct,20.25
ราชบุรี,2024,2567,Sep,16.2
ราชบุรี,2025,2568,Apr,19.75
ราชบุรี,2025,2568,Aug,18.6
ราชบุรี,2025,2568,Dec,30.0
ราชบุรี,2025,2568,Feb,12.75
ราชบุรี,2025,2568,Jan,16.5
ราชบุรี,2025,2568,Jul,23.0
ราชบุรี,2025,2568,Jun,14.8
ราชบุรี,2025,2568,Mar,14.6
ราชบุรี,2025,2568,May,17.75
ราชบุรี,2025,2568,Nov,20.0
ราชบุรี,2025,2568,Oct,23.75
ราชบุรี,2025,2568,Sep,13.5
ร้อยเอ็ด,2023,2566,Apr,37.2
ร้อยเอ็ด,2023,2566,Aug,18.75
ร้อยเอ็ด,2023,2566,Dec,31.0
ร้อยเอ็ด,2023,2566,Feb,24.5
ร้อยเอ็ด,2023,2566,Jan,39.2
ร้อยเอ็ด,2023,2566,Jul,28.8
ร้อยเอ็ด,2023,2566,Jun,19.0
ร้อยเอ็ด,2023,2566,Mar,27.5
ร้อยเอ็ด,2023,2566,May,24.25
ร้อยเอ็ด,2023,2566,Nov,19.75
ร้อยเอ็ด,2023,2566,Oct,23.8
ร้อยเอ็ด,2023,2566,Sep,17.0
ร้อยเอ็ด,2024,2567,Apr,27.0
ร้อยเอ็ด,2024,2567,Aug,12.25
ร้อยเอ็ด,2024,2567,Dec,22.2
ร้อยเอ็ด,2024,2567,Feb,16.0
ร้อยเอ็ด,2024,2567,Jan,21.75
ร้อยเอ็ด,2024,2567,Jul,18.5
ร้อยเอ็ด,2024,2567,Jun,17.6
ร้อยเอ็ด,2024,2567,Mar,22.2
ร้อยเอ็ด,2024,2567,May,15.75
ร้อยเอ็ด,2024,2567,Nov,14.25
ร้อยเอ็ด,2024,2567,Oct,21.5
ร้อยเอ็ด,2024,2567,Sep,12.8
ร้อยเอ็ด,2025,2568,Apr,22.5
ร้อยเอ็ด,2025,2568,Aug,19.2
ร้อยเอ็ด,2025,2568,Dec,22.75
ร้อยเอ็ด,2025,2568,Feb,14.25
ร้อยเอ็ด,2025,2568,Jan,9.25
ร้อยเอ็ด,2025,2568,Jul,12.5
ร้อยเอ็ด,2025,2568,Jun,16.4
ร้อยเอ็ด,2025,2568,Mar,10.6
ร้อยเอ็ด,2025,2568,May,18.75
ร้อยเอ็ด,2025,2568,Nov,16.6
ร้อยเอ็ด,2025,2568,Oct,17.0
ร้อยเอ็ด,2025,2568,Sep,14.5
ลพบุรี,2023,2566,Apr,52.4
ลพบุรี,2023,2566,Aug,37.75
ลพบุรี,2023,2566,Dec,72.8
ลพบุรี,2023,2566,Feb,53.25
ลพบุรี,2023,2566,Jan,55.8
ลพบุรี,2023,2566,Jul,52.2
ลพบุรี,2023,2566,Jun,41.25
ลพบุรี,2023,2566,Mar,49.75
ลพบุรี,2023,2566,May,39.5
ลพบุรี,2023,2566,Nov,57.25
ลพบุรี,2023,2566,Oct,49.2
ลพบุรี,2023,2566,Sep,35.75
ลพบุรี,2024,2567,Apr,32.5
ลพบุรี,2024,2567,Aug,30.0
ลพบุรี,2024,2567,Dec,67.4
ลพบุรี,2024,2567,Feb,49.0
ลพบุรี,2024,2567,Jan,33.75
ลพบุรี,2024,2567,Jul,36.25
ลพบุรี,2024,2567,Jun,29.4
ลพบุรี,2024,2567,Mar,29.6
ลพบุรี,2024,2567,May,27.0
ลพบุรี,2024,2567,Nov,44.5
ลพบุรี,2024,2567,Oct,30.5
ลพบุรี,2024,2567,Sep,22.8
ลพบุรี,2025,2568,Apr,21.0
ลพบุรี,2025,2568,Aug,21.8
ลพบุรี,2025,2568,Dec,43.5
ลพบุรี,2025,2568,Feb,26.5
ลพบุรี,2025,2568,Jan,33.75
ลพบุรี,2025,2568,Jul,30.0
ลพบุรี,2025,2568,Jun,11.6
ลพบุรี,2025,2568,Mar,9.2
ลพบุรี,2025,2568,May,23.25
ลพบุรี,2025,2568,Nov,36.4
ลพบุรี,2025,2568,Oct,32.25
ลพบุรี,2025,2568,Sep,10.25
ลำปาง,2023,2566,Apr,4.6
ลำปาง,2023,2566,Aug,4.75
ลำปาง,2023,2566,Dec,8.6
ลำปาง,2023,2566,Feb,4.25
ลำปาง,2023,2566,Jan,6.2
ลำปาง,2023,2566,Jul,5.8
ลำปาง,2023,2566,Jun,3.75
ลำปาง,2023,2566,Mar,4.5
ลำปาง,2023,2566,May,3.5
ลำปาง,2023,2566,Nov,6.75
ลำปาง,2023,2566,Oct,5.8
ลำปาง,2023,2566,Sep,4.5
ลำปาง,2024,2567,Apr,3.75
ลำปาง,2024,2567,Aug,4.25
ลำปาง,2024,2567,Dec,7.4
ลำปาง,2024,2567,Feb,4.5
ลำปาง,2024,2567,Jan,5.0
ลำปาง,2024,2567,Jul,3.75
ลำปาง,2024,2567,Jun,3.0
ลำปาง,2024,2567,Mar,3.8
ลำปาง,2024,2567,May,3.75
ลำปาง,2024,2567,Nov,4.25
ลำปาง,2024,2567,Oct,4.5
ลำปาง,2024,2567,Sep,2.4
ลำปาง,2025,2568,Apr,4.0
ลำปาง,2025,2568,Aug,2.2
ลำปาง,2025,2568,Dec,6.75
ลำปาง,2025,2568,Feb,2.5
ลำปาง,2025,2568,Jan,4.75
ลำปาง,2025,2568,Jul,3.75
ลำปาง,2025,2568,Jun,2.6
ลำปาง,2025,2568,Mar,2.2
ลำปาง,2025,2568,May,3.25
ลำปาง,2025,2568,Nov,4.6
ลำปาง,2025,2568,Oct,5.75
ลำปาง,2025,2568,Sep,3.75
ลำพูน,2023,2566,Apr,2.2
ลำพูน,2023,2566,Aug,0.5
ลำพูน,2023,2566,Dec,3.2
ลำพูน,2023,2566,Feb,2.0
ลำพูน,2023,2566,Jan,1.6
ลำพูน,2023,2566,Jul,1.4
ลำพูน,2023,2566,Jun,0.5
ลำพูน,2023,2566,Mar,1.25
ลำพูน,2023,2566,May,1.75
ลำพูน,2023,2566,Nov,2.25
ลำพูน,2023,2566,Oct,2.4
ลำพูน,2023,2566,Sep,1.5
ลำพูน,2024,2567,Apr,1.5
ลำพูน,2024,2567,Aug,0.5
ลำพูน,2024,2567,Dec,3.2
ลำพูน,2024,2567,Feb,2.0
ลำพูน,2024,2567,Jan,1.0
ลำพูน,2024,2567,Jul,1.0
ลำพูน,2024,2567,Jun,0.4
ลำพูน,2024,2567,Mar,1.2
ลำพูน,2024,2567,May,1.0
ลำพูน,2024,2567,Nov,1.0
ลำพูน,2024,2567,Oct,1.75
ลำพูน,2024,2567,Sep,0.0
ลำพูน,2025,2568,Apr,0.5
ลำพูน,2025,2568,Aug,1.0
ลำพูน,2025,2568,Dec,3.25
ลำพูน,2025,2568,Feb,0.0
ลำพูน,2025,2568,Jan,0.5
ลำพูน,2025,2568,Jul,0.5
ลำพูน,2025,2568,Jun,0.8
ลำพูน,2025,2568,Mar,0.0
ลำพูน,2025,2568,May,0.75
ลำพูน,2025,2568,Nov,1.8
ลำพูน,2025,2568,Oct,0.75
ลำพูน,2025,2568,Sep,0.0
ศรีสะเกษ,2023,2566,Apr,41.0
ศรีสะเกษ,2023,2566,Aug,27.5
ศรีสะเกษ,2023,2566,Dec,41.0
ศรีสะเกษ,2023,2566,Feb,28.5
ศรีสะเกษ,2023,2566,Jan,24.6
ศรีสะเกษ,2023,2566,Jul,35.0
ศรีสะเกษ,2023,2566,Jun,23.25
ศรีสะเกษ,2023,2566,Mar,31.0
ศรีสะเกษ,2023,2566,May,23.0
ศรีสะเกษ,2023,2566,Nov,15.25
ศรีสะเกษ,2023,2566,Oct,30.8
ศรีสะเกษ,2023,2566,Sep,18.5
ศรีสะเกษ,2024,2567,Apr,11.25
ศรีสะเกษ,2024,2567,Aug,9.5
ศรีสะเกษ,2024,2567,Dec,24.0
ศรีสะเกษ,2024,2567,Feb,23.25
ศรีสะเกษ,2024,2567,Jan,18.25
ศรีสะเกษ,2024,2567,Jul,17.5
ศรีสะเกษ,2024,2567,Jun,8.8
ศรีสะเกษ,2024,2567,Mar,19.4
ศรีสะเกษ,2024,2567,May,4.75
ศรีสะเกษ,2024,2567,Nov,0.0
ศรีสะเกษ,2024,2567,Oct,23.25
ศรีสะเกษ,2024,2567,Sep,3.4
ศรีสะเกษ,2025,2568,Apr,12.75
ศรีสะเกษ,2025,2568,Aug,0.0
ศรีสะเกษ,2025,2568,Dec,6.25
ศรีสะเกษ,2025,2568,Feb,5.5
ศรีสะเกษ,2025,2568,Jan,10.75
ศรีสะเกษ,2025,2568,Jul,23.5
ศรีสะเกษ,2025,2568,Jun,8.0
ศรีสะเกษ,2025,2568,Mar,4.0
ศรีสะเกษ,2025,2568,May,6.0
ศรีสะเกษ,2025,2568,Nov,0.0
ศรีสะเกษ,2025,2568,Oct,5.25
ศรีสะเกษ,2025,2568,Sep,0.0
สกลนคร,2023,2566,Apr,29.6
สกลนคร,2023,2566,Aug,21.25
สกลนคร,2023,2566,Dec,25.2
สกลนคร,2023,2566,Feb,25.5
สกลนคร,2023,2566,Jan,26.2
สกลนคร,2023,2566,Jul,26.8
สกลนคร,2023,2566,Jun,17.0
สกลนคร,2023,2566,Mar,27.75
สกลนคร,2023,2566,May,18.75
สกลนคร,2023,2566,Nov,20.75
สกลนคร,2023,2566,Oct,26.6
สกลนคร,2023,2566,Sep,20.75
สกลนคร,2024,2567,Apr,25.5
สกลนคร,2024,2567,Aug,10.5
สกลนคร,2024,2567,Dec,20.4
สกลนคร,2024,2567,Feb,17.75
สกลนคร,2024,2567,Jan,21.5
สกลนคร,2024,2567,Jul,19.75
สกลนคร,2024,2567,Jun,13.8
สกลนคร,2024,2567,Mar,18.6
สกลนคร,2024,2567,May,16.0
สกลนคร,2024,2567,Nov,14.25
สกลนคร,2024,2567,Oct,21.75
สกลนคร,2024,2567,Sep,7.4
สกลนคร,2025,2568,Apr,13.5
สกลนคร,2025,2568,Aug,18.2
สกลนคร,2025,2568,Dec,19.0
สกลนคร,2025,2568,Feb,16.75
สกลนคร,2025,2568,Jan,16.75
สกลนคร,2025,2568,Jul,15.0
สกลนคร,2025,2568,Jun,11.2
สกลนคร,2025,2568,Mar,15.8
สกลนคร,2025,2568,May,11.0
สกลนคร,2025,2568,Nov,14.0
สกลนคร,2025,2568,Oct,14.75
สกลนคร,2025,2568,Sep,3.5
สงขลา,2023,2566,Apr,15.6
สงขลา,2023,2566,Aug,10.25
สงขลา,2023,2566,Dec,9.8
สงขลา,2023,2566,Feb,11.75
สงขลา,2023,2566,Jan,12.6
สงขลา,2023,2566,Jul,10.6
สงขลา,2023,2566,Jun,9.75
สงขลา,2023,2566,Mar,15.75
สงขลา,2023,2566,May,10.0
สงขลา,2023,2566,Nov,7.0
สงขลา,2023,2566,Oct,10.8
สงขลา,2023,2566,Sep,9.0
สงขลา,2024,2567,Apr,13.0
สงขลา,2024,2567,Aug,6.0
สงขลา,2024,2567,Dec,7.2
สงขลา,2024,2567,Feb,8.75
สงขลา,2024,2567,Jan,8.75
สงขลา,2024,2567,Jul,6.25
สงขลา,2024,2567,Jun,9.2
สงขลา,2024,2567,Mar,8.0
สงขลา,2024,2567,May,9.0
สงขลา,2024,2567,Nov,4.5
สงขลา,2024,2567,Oct,8.0
สงขลา,2024,2567,Sep,7.0
สงขลา,2025,2568,Apr,10.5
สงขลา,2025,2568,Aug,9.0
สงขลา,2025,2568,Dec,2.75
สงขลา,2025,2568,Feb,4.25
สงขลา,2025,2568,Jan,1.75
สงขลา,2025,2568,Jul,4.75
สงขลา,2025,2568,Jun,5.8
สงขลา,2025,2568,Mar,1.8
สงขลา,2025,2568,May,7.75
สงขลา,2025,2568,Nov,1.4
สงขลา,2025,2568,Oct,8.75
สงขลา,2025,2568,Sep,2.25
สตูล,2023,2566,Apr,19.2
สตูล,2023,2566,Aug,7.25
สตูล,2023,2566,Dec,9.8
สตูล,2023,2566,Feb,13.5
สตูล,2023,2566,Jan,16.0
สตูล,2023,2566,Jul,10.2
สตูล,2023,2566,Jun,9.25
สตูล,2023,2566,Mar,16.25
สตูล,2023,2566,May,9.0
สตูล,2023,2566,Nov,7.0
สตูล,2023,2566,Oct,11.4
สตูล,2023,2566,Sep,6.75
สตูล,2024,2567,Apr,18.25
สตูล,2024,2567,Aug,3.25
สตูล,2024,2567,Dec,8.6
สตูล,2024,2567,Feb,11.75
สตูล,2024,2567,Jan,6.0
สตูล,2024,2567,Jul,7.25
สตูล,2024,2567,Jun,6.8
สตูล,2024,2567,Mar,11.4
สตูล,2024,2567,May,8.5
สตูล,2024,2567,Nov,5.25
สตูล,2024,2567,Oct,7.0
สตูล,2024,2567,Sep,5.4
สตูล,2025,2568,Apr,10.75
สตูล,2025,2568,Aug,1.6
สตูล,2025,2568,Dec,6.5
สตูล,2025,2568,Feb,3.25
สตูล,2025,2568,Jan,3.5
สตูล,2025,2568,Jul,6.5
สตูล,2025,2568,Jun,4.2
สตูล,2025,2568,Mar,7.4
สตูล,2025,2568,May,2.5
สตูล,2025,2568,Nov,3.0
สตูล,2025,2568,Oct,7.0
สตูล,2025,2568,Sep,5.75
สมุทรปราการ,2023,2566,Apr,32.6
สมุทรปราการ,2023,2566,Aug,19.25
สมุทรปราการ,2023,2566,Dec,23.6
สมุทรปราการ,2023,2566,Feb,24.5
สมุทรปราการ,2023,2566,Jan,27.0
สมุทรปราการ,2023,2566,Jul,27.2
สมุทรปราการ,2023,2566,Jun,24.5
สมุทรปราการ,2023,2566,Mar,27.25
สมุทรปราการ,2023,2566,May,24.0
สมุทรปราการ,2023,2566,Nov,18.5
สมุทรปราการ,2023,2566,Oct,22.8
สมุทรปราการ,2023,2566,Sep,19.25
สมุทรปราการ,2024,2567,Apr,25.25
สมุทรปราการ,2024,2567,Aug,16.0
สมุทรปราการ,2024,2567,Dec,19.4
สมุทรปราการ,2024,2567,Feb,14.25
สมุทรปราการ,2024,2567,Jan,17.75
สมุทรปราการ,2024,2567,Jul,17.5
สมุทรปราการ,2024,2567,Jun,14.4
สมุทรปราการ,2024,2567,Mar,18.6
สมุทรปราการ,2024,2567,May,18.25
สมุทรปราการ,2024,2567,Nov,13.0
สมุทรปราการ,2024,2567,Oct,15.75
สมุทรปราการ,2024,2567,Sep,14.0
สมุทรปราการ,2025,2568,Apr,17.5
สมุทรปราการ,2025,2568,Aug,9.8
สมุทรปราการ,2025,2568,Dec,14.75
สมุทรปราการ,2025,2568,Feb,10.75
สมุทรปราการ,2025,2568,Jan,14.5
สมุทรปราการ,2025,2568,Jul,13.25
สมุทรปราการ,2025,2568,Jun,12.8
สมุทรปราการ,2025,2568,Mar,11.8
สมุทรปราการ,2025,2568,May,10.25
สมุทรปราการ,2025,2568,Nov,12.8
สมุทรปราการ,2025,2568,Oct,13.5
สมุทรปราการ,2025,2568,Sep,7.75
สมุทรสงคราม,2023,2566,Apr,65.2
สมุทรสงคราม,2023,2566,Aug,37.0
สมุทรสงคราม,2023,2566,Dec,37.6
สมุทรสงคราม,2023,2566,Feb,38.75
สมุทรสงคราม,2023,2566,Jan,38.0
สมุทรสงคราม,2023,2566,Jul,50.0
สมุทรสงคราม,2023,2566,Jun,41.25
สมุทรสงคราม,2023,2566,Mar,51.0
สมุทรสงคราม,2023,2566,May,45.25
สมุทรสงคราม,2023,2566,Nov,27.5
สมุทรสงคราม,2023,2566,Oct,33.4
สมุทรสงคราม,2023,2566,Sep,26.5
สมุทรสงคราม,2024,2567,Apr,33.25
สมุทรสงคราม,2024,2567,Aug,13.25
สมุทรสงคราม,2024,2567,Dec,13.4
สมุทรสงคราม,2024,2567,Feb,28.75
สมุทรสงคราม,2024,2567,Jan,26.25
สมุทรสงคราม,2024,2567,Jul,28.0
สมุทรสงคราม,2024,2567,Jun,24.4
สมุทรสงคราม,2024,2567,Mar,25.0
สมุทรสงคราม,2024,2567,May,22.25
สมุทรสงคราม,2024,2567,Nov,10.75
สมุทรสงคราม,2024,2567,Oct,7.0
สมุทรสงคราม,2024,2567,Sep,10.2
สมุทรสงคราม,2025,2568,Apr,36.25
สมุทรสงคราม,2025,2568,Aug,25.6
สมุทรสงคราม,2025,2568,Dec,20.0
สมุทรสงคราม,2025,2568,Feb,4.25
สมุทรสงคราม,2025,2568,Jan,13.5
สมุทรสงคราม,2025,2568,Jul,24.0
สมุทรสงคราม,2025,2568,Jun,13.0
สมุทรสงคราม,2025,2568,Mar,4.0
สมุทรสงคราม,2025,2568,May,11.25
สมุทรสงคราม,2025,2568,Nov,15.0
สมุทรสงคราม,2025,2568,Oct,14.25
สมุทรสงคราม,2025,2568,Sep,4.75
สมุทรสาคร,2023,2566,Apr,58.0
สมุทรสาคร,2023,2566,Aug,38.0
สมุทรสาคร,2023,2566,Dec,41.0
สมุทรสาคร,2023,2566,Feb,36.0
สมุทรสาคร,2023,2566,Jan,41.4
สมุทรสาคร,2023,2566,Jul,48.2
สมุทรสาคร,2023,2566,Jun,37.0
สมุทรสาคร,2023,2566,Mar,46.75
สมุทรสาคร,2023,2566,May,39.5
สมุทรสาคร,2023,2566,Nov,26.25
สมุทรสาคร,2023,2566,Oct,38.6
สมุทรสาคร,2023,2566,Sep,25.0
สมุทรสาคร,2024,2567,Apr,39.75
สมุทรสาคร,2024,2567,Aug,30.0
สมุทรสาคร,2024,2567,Dec,22.8
สมุทรสาคร,2024,2567,Feb,37.0
สมุทรสาคร,2024,2567,Jan,29.75
สมุทรสาคร,2024,2567,Jul,23.5
สมุทรสาคร,2024,2567,Jun,33.4
สมุทรสาคร,2024,2567,Mar,28.8
สมุทรสาคร,2024,2567,May,22.5
สมุทรสาคร,2024,2567,Nov,8.75
สมุทรสาคร,2024,2567,Oct,28.5
สมุทรสาคร,2024,2567,Sep,13.8
สมุทรสาคร,2025,2568,Apr,27.25
สมุทรสาคร,2025,2568,Aug,13.6
สมุทรสาคร,2025,2568,Dec,20.25
สมุทรสาคร,2025,2568,Feb,11.25
สมุทรสาคร,2025,2568,Jan,21.25
สมุทรสาคร,2025,2568,Jul,21.25
สมุทรสาคร,2025,2568,Jun,8.6
สมุทรสาคร,2025,2568,Mar,18.2
สมุทรสาคร,2025,2568,May,11.0
สมุทรสาคร,2025,2568,Nov,8.4
สมุทรสาคร,2025,2568,Oct,15.75
สมุทรสาคร,2025,2568,Sep,4.0
สระบุรี,2023,2566,Apr,68.6
สระบุรี,2023,2566,Aug,40.25
สระบุรี,2023,2566,Dec,63.2
สระบุรี,2023,2566,Feb,43.5
สระบุรี,2023,2566,Jan,48.6
สระบุรี,2023,2566,Jul,58.4
สระบุรี,2023,2566,Jun,40.25
สระบุรี,2023,2566,Mar,54.0
สระบุรี,2023,2566,May,44.75
สระบุรี,2023,2566,Nov,56.75
สระบุรี,2023,2566,Oct,60.2
สระบุรี,2023,2566,Sep,37.75
สระบุรี,2024,2567,Apr,51.0
สระบุรี,2024,2567,Aug,36.0
สระบุรี,2024,2567,Dec,52.4
สระบุรี,2024,2567,Feb,36.75
สระบุรี,2024,2567,Jan,39.75
สระบุรี,2024,2567,Jul,46.5
สระบุรี,2024,2567,Jun,37.6
สระบุรี,2024,2567,Mar,37.8
สระบุรี,2024,2567,May,38.0
สระบุรี,2024,2567,Nov,47.5
สระบุรี,2024,2567,Oct,50.75
สระบุรี,2024,2567,Sep,31.4
สระบุรี,2025,2568,Apr,37.0
สระบุรี,2025,2568,Aug,31.8
สระบุรี,2025,2568,Dec,39.5
สระบุรี,2025,2568,Feb,24.5
สระบุรี,2025,2568,Jan,32.0
สระบุรี,2025,2568,Jul,45.5
สระบุรี,2025,2568,Jun,29.2
สระบุรี,2025,2568,Mar,23.8
สระบุรี,2025,2568,May,32.0
สระบุรี,2025,2568,Nov,37.2
สระบุรี,2025,2568,Oct,41.75
สระบุรี,2025,2568,Sep,31.0
สระแก้ว,2023,2566,Apr,3.6
สระแก้ว,2023,2566,Aug,3.5
สระแก้ว,2023,2566,Dec,3.0
สระแก้ว,2023,2566,Feb,2.25
สระแก้ว,2023,2566,Jan,2.8
สระแก้ว,2023,2566,Jul,3.0
สระแก้ว,2023,2566,Jun,2.5
สระแก้ว,2023,2566,Mar,3.75
สระแก้ว,2023,2566,May,1.75
สระแก้ว,2023,2566,Nov,2.5
สระแก้ว,2023,2566,Oct,2.6
สระแก้ว,2023,2566,Sep,2.0
สระแก้ว,2024,2567,Apr,0.75
สระแก้ว,2024,2567,Aug,0.0
สระแก้ว,2024,2567,Dec,2.2
สระแก้ว,2024,2567,Feb,0.75
สระแก้ว,2024,2567,Jan,1.75
สระแก้ว,2024,2567,Jul,0.0
สระแก้ว,2024,2567,Jun,0.6
สระแก้ว,2024,2567,Mar,0.0
สระแก้ว,2024,2567,May,1.0
สระแก้ว,2024,2567,Nov,0.0
สระแก้ว,2024,2567,Oct,2.0
สระแก้ว,2024,2567,Sep,0.0
สระแก้ว,2025,2568,Apr,2.5
สระแก้ว,2025,2568,Aug,0.6
สระแก้ว,2025,2568,Dec,0.0
สระแก้ว,2025,2568,Feb,0.0
สระแก้ว,2025,2568,Jan,0.0
สระแก้ว,2025,2568,Jul,0.0
สระแก้ว,2025,2568,Jun,1.0
สระแก้ว,2025,2568,Mar,0.0
สระแก้ว,2025,2568,May,0.0
สระแก้ว,2025,2568,Nov,0.0
สระแก้ว,2025,2568,Oct,0.0
สระแก้ว,2025,2568,Sep,1.25
สิงห์บุรี,2023,2566,Apr,7.6
สิงห์บุรี,2023,2566,Aug,5.0
สิงห์บุรี,2023,2566,Dec,6.2
สิงห์บุรี,2023,2566,Feb,6.75
สิงห์บุรี,2023,2566,Jan,6.0
สิงห์บุรี,2023,2566,Jul,6.0
สิงห์บุรี,2023,2566,Jun,5.25
สิงห์บุรี,2023,2566,Mar,4.75
สิงห์บุรี,2023,2566,May,5.0
สิงห์บุรี,2023,2566,Nov,1.75
สิงห์บุรี,2023,2566,Oct,4.2
สิงห์บุรี,2023,2566,Sep,1.25
สิงห์บุรี,2024,2567,Apr,2.0
สิงห์บุรี,2024,2567,Aug,2.25
สิงห์บุรี,2024,2567,Dec,3.6
สิงห์บุรี,2024,2567,Feb,1.25
สิงห์บุรี,2024,2567,Jan,2.5
สิงห์บุรี,2024,2567,Jul,1.75
สิงห์บุรี,2024,2567,Jun,0.0
สิงห์บุรี,2024,2567,Mar,1.2
สิงห์บุรี,2024,2567,May,2.75
สิงห์บุรี,2024,2567,Nov,3.0
สิงห์บุรี,2024,2567,Oct,3.0
สิงห์บุรี,2024,2567,Sep,0.0
สิงห์บุรี,2025,2568,Apr,1.75
สิงห์บุรี,2025,2568,Aug,1.8
สิงห์บุรี,2025,2568,Dec,3.5
สิงห์บุรี,2025,2568,Feb,0.0
สิงห์บุรี,2025,2568,Jan,1.5
สิงห์บุรี,2025,2568,Jul,1.5
สิงห์บุรี,2025,2568,Jun,0.0
สิงห์บุรี,2025,2568,Mar,0.0
สิงห์บุรี,2025,2568,May,0.0
สิงห์บุรี,2025,2568,Nov,1.2
สิงห์บุรี,2025,2568,Oct,0.0
สิงห์บุรี,2025,2568,Sep,0.0
สุพรรณบุรี,2023,2566,Apr,45.4
สุพรรณบุรี,2023,2566,Aug,41.0
สุพรรณบุรี,2023,2566,Dec,49.8
สุพรรณบุรี,2023,2566,Feb,32.0
สุพรรณบุรี,2023,2566,Jan,33.4
สุพรรณบุรี,2023,2566,Jul,50.0
สุพรรณบุรี,2023,2566,Jun,32.5
สุพรรณบุรี,2023,2566,Mar,37.0
สุพรรณบุรี,2023,2566,May,26.75
สุพรรณบุรี,2023,2566,Nov,37.0
สุพรรณบุรี,2023,2566,Oct,44.6
สุพรรณบุรี,2023,2566,Sep,28.5
สุพรรณบุรี,2024,2567,Apr,32.5
สุพรรณบุรี,2024,2567,Aug,28.75
สุพรรณบุรี,2024,2567,Dec,38.2
สุพรรณบุรี,2024,2567,Feb,32.75
สุพรรณบุรี,2024,2567,Jan,28.5
สุพรรณบุรี,2024,2567,Jul,35.75
สุพรรณบุรี,2024,2567,Jun,26.2
สุพรรณบุรี,2024,2567,Mar,29.6
สุพรรณบุรี,2024,2567,May,27.75
สุพรรณบุรี,2024,2567,Nov,17.25
สุพรรณบุรี,2024,2567,Oct,30.0
สุพรรณบุรี,2024,2567,Sep,24.4
สุพรรณบุรี,2025,2568,Apr,31.0
สุพรรณบุรี,2025,2568,Aug,18.4
สุพรรณบุรี,2025,2568,Dec,25.5
สุพรรณบุรี,2025,2568,Feb,15.25
สุพรรณบุรี,2025,2568,Jan,24.25
สุพรรณบุรี,2025,2568,Jul,25.75
สุพรรณบุรี,2025,2568,Jun,21.2
สุพรรณบุรี,2025,2568,Mar,16.8
สุพรรณบุรี,2025,2568,May,23.5
สุพรรณบุรี,2025,2568,Nov,12.0
สุพรรณบุรี,2025,2568,Oct,28.0
สุพรรณบุรี,2025,2568,Sep,14.0
สุราษฎร์ธานี,2023,2566,Apr,58.0
สุราษฎร์ธานี,2023,2566,Aug,26.75
สุราษฎร์ธานี,2023,2566,Dec,27.4
สุราษฎร์ธานี,2023,2566,Feb,34.5
สุราษฎร์ธานี,2023,2566,Jan,35.0
สุราษฎร์ธานี,2023,2566,Jul,34.6
สุราษฎร์ธานี,2023,2566,Jun,30.0
สุราษฎร์ธานี,2023,2566,Mar,47.75
สุราษฎร์ธานี,2023,2566,May,31.25
สุราษฎร์ธานี,2023,2566,Nov,22.5
สุราษฎร์ธานี,2023,2566,Oct,33.4
สุราษฎร์ธานี,2023,2566,Sep,25.0
สุราษฎร์ธานี,2024,2567,Apr,37.5
สุราษฎร์ธานี,2024,2567,Aug,20.0
สุราษฎร์ธานี,2024,2567,Dec,21.6
สุราษฎร์ธานี,2024,2567,Feb,34.25
สุราษฎร์ธานี,2024,2567,Jan,25.75
สุราษฎร์ธานี,2024,2567,Jul,23.5
สุราษฎร์ธานี,2024,2567,Jun,26.0
สุราษฎร์ธานี,2024,2567,Mar,36.0
สุราษฎร์ธานี,2024,2567,May,24.0
สุราษฎร์ธานี,2024,2567,Nov,18.5
สุราษฎร์ธานี,2024,2567,Oct,17.5
สุราษฎร์ธานี,2024,2567,Sep,17.4
สุราษฎร์ธานี,2025,2568,Apr,27.0
สุราษฎร์ธานี,2025,2568,Aug,21.4
สุราษฎร์ธานี,2025,2568,Dec,16.5
สุราษฎร์ธานี,2025,2568,Feb,22.25
สุราษฎร์ธานี,2025,2568,Jan,19.0
สุราษฎร์ธานี,2025,2568,Jul,21.25
สุราษฎร์ธานี,2025,2568,Jun,18.8
สุราษฎร์ธานี,2025,2568,Mar,21.8
สุราษฎร์ธานี,2025,2568,May,18.25
สุราษฎร์ธานี,2025,2568,Nov,14.8
สุราษฎร์ธานี,2025,2568,Oct,22.0
สุราษฎร์ธานี,2025,2568,Sep,19.25
สุรินทร์,2023,2566,Apr,55.8
สุรินทร์,2023,2566,Aug,31.0
สุรินทร์,2023,2566,Dec,43.4
สุรินทร์,2023,2566,Feb,34.75
สุรินทร์,2023,2566,Jan,41.0
สุรินทร์,2023,2566,Jul,40.4
สุรินทร์,2023,2566,Jun,22.25
สุรินทร์,2023,2566,Mar,38.0
สุรินทร์,2023,2566,May,25.0
สุรินทร์,2023,2566,Nov,34.25
สุรินทร์,2023,2566,Oct,34.6
สุรินทร์,2023,2566,Sep,19.75
สุรินทร์,2024,2567,Apr,41.0
สุรินทร์,2024,2567,Aug,25.75
สุรินทร์,2024,2567,Dec,23.4
สุรินทร์,2024,2567,Feb,27.0
สุรินทร์,2024,2567,Jan,28.75
สุรินทร์,2024,2567,Jul,14.25
สุรินทร์,2024,2567,Jun,12.2
สุรินทร์,2024,2567,Mar,29.2
สุรินทร์,2024,2567,May,23.75
สุรินทร์,2024,2567,Nov,19.0
สุรินทร์,2024,2567,Oct,19.0
สุรินทร์,2024,2567,Sep,20.4
สุรินทร์,2025,2568,Apr,22.0
สุรินทร์,2025,2568,Aug,7.6
สุรินทร์,2025,2568,Dec,6.25
สุรินทร์,2025,2568,Feb,31.5
สุรินทร์,2025,2568,Jan,5.0
สุรินทร์,2025,2568,Jul,26.25
สุรินทร์,2025,2568,Jun,15.8
สุรินทร์,2025,2568,Mar,20.4
สุรินทร์,2025,2568,May,29.25
สุรินทร์,2025,2568,Nov,20.4
สุรินทร์,2025,2568,Oct,11.5
สุรินทร์,2025,2568,Sep,11.5
สุโขทัย,2023,2566,Apr,27.6
สุโขทัย,2023,2566,Aug,23.25
สุโขทัย,2023,2566,Dec,36.4
สุโขทัย,2023,2566,Feb,20.5
สุโขทัย,2023,2566,Jan,29.4
สุโขทัย,2023,2566,Jul,30.6
สุโขทัย,2023,2566,Jun,24.5
สุโขทัย,2023,2566,Mar,25.75
สุโขทัย,2023,2566,May,17.5
สุโขทัย,2023,2566,Nov,36.25
สุโขทัย,2023,2566,Oct,27.8
สุโขทัย,2023,2566,Sep,18.5
สุโขทัย,2024,2567,Apr,24.0
สุโขทัย,2024,2567,Aug,14.5
สุโขทัย,2024,2567,Dec,25.6
สุโขทัย,2024,2567,Feb,19.75
สุโขทัย,2024,2567,Jan,19.75
สุโขทัย,2024,2567,Jul,14.75
สุโขทัย,2024,2567,Jun,16.0
สุโขทัย,2024,2567,Mar,15.6
สุโขทัย,2024,2567,May,14.75
สุโขทัย,2024,2567,Nov,27.0
สุโขทัย,2024,2567,Oct,19.75
สุโขทัย,2024,2567,Sep,9.8
สุโขทัย,2025,2568,Apr,11.5
สุโขทัย,2025,2568,Aug,18.6
สุโขทัย,2025,2568,Dec,24.25
สุโขทัย,2025,2568,Feb,9.75
สุโขทัย,2025,2568,Jan,11.5
สุโขทัย,2025,2568,Jul,13.25
สุโขทัย,2025,2568,Jun,12.4
สุโขทัย,2025,2568,Mar,10.2
สุโขทัย,2025,2568,May,10.0
สุโขทัย,2025,2568,Nov,17.8
สุโขทัย,2025,2568,Oct,23.75
สุโขทัย,2025,2568,Sep,12.75
หนองคาย,2023,2566,Apr,43.2
หนองคาย,2023,2566,Aug,25.5
หนองคาย,2023,2566,Dec,39.4
หนองคาย,2023,2566,Feb,34.0
หนองคาย,2023,2566,Jan,38.8
หนองคาย,2023,2566,Jul,34.8
หนองคาย,2023,2566,Jun,24.0
หนองคาย,2023,2566,Mar,37.5
หนองคาย,2023,2566,May,27.0
หนองคาย,2023,2566,Nov,28.0
หนองคาย,2023,2566,Oct,36.8
หนองคาย,2023,2566,Sep,23.5
หนองคาย,2024,2567,Apr,33.0
หนองคาย,2024,2567,Aug,20.75
หนองคาย,2024,2567,Dec,26.6
หนองคาย,2024,2567,Feb,27.75
หนองคาย,2024,2567,Jan,25.75
หนองคาย,2024,2567,Jul,25.75
หนองคาย,2024,2567,Jun,23.2
หนองคาย,2024,2567,Mar,23.4
หนองคาย,2024,2567,May,17.25
หนองคาย,2024,2567,Nov,19.75
หนองคาย,2024,2567,Oct,22.25
หนองคาย,2024,2567,Sep,12.8
หนองคาย,2025,2568,Apr,28.5
หนองคาย,2025,2568,Aug,22.2
หนองคาย,2025,2568,Dec,21.25
หนองคาย,2025,2568,Feb,17.25
หนองคาย,2025,2568,Jan,21.0
หนองคาย,2025,2568,Jul,19.0
หนองคาย,2025,2568,Jun,22.2
หนองคาย,2025,2568,Mar,15.6
หนองคาย,2025,2568,May,18.75
หนองคาย,2025,2568,Nov,20.2
หนองคาย,2025,2568,Oct,24.75
หนองคาย,2025,2568,Sep,17.0
หนองบัวลำภู,2023,2566,Apr,2.8
หนองบัวลำภู,2023,2566,Aug,0.0
หนองบัวลำภู,2023,2566,Dec,0.0
หนองบัวลำภู,2023,2566,Feb,0.0
หนองบัวลำภู,2023,2566,Jan,0.0
หนองบัวลำภู,2023,2566,Jul,0.0
หนองบัวลำภู,2023,2566,Jun,0.0
หนองบัวลำภู,2023,2566,Mar,1.75
หนองบัวลำภู,2023,2566,May,1.75
หนองบัวลำภู,2023,2566,Nov,0.0
หนองบัวลำภู,2023,2566,Oct,0.0
หนองบัวลำภู,2023,2566,Sep,0.0
หนองบัวลำภู,2024,2567,Apr,0.0
หนองบัวลำภู,2024,2567,Aug,0.0
หนองบัวลำภู,2024,2567,Dec,0.0
หนองบัวลำภู,2024,2567,Feb,0.0
หนองบัวลำภู,2024,2567,Jan,0.0
หนองบัวลำภู,2024,2567,Jul,0.0
หนองบัวลำภู,2024,2567,Jun,0.0
หนองบัวลำภู,2024,2567,Mar,0.0
หนองบัวลำภู,2024,2567,May,0.0
หนองบัวลำภู,2024,2567,Nov,0.0
หนองบัวลำภู,2024,2567,Oct,0.0
หนองบัวลำภู,2024,2567,Sep,0.0
หนองบัวลำภู,2025,2568,Apr,0.0
หนองบัวลำภู,2025,2568,Aug,0.0
หนองบัวลำภู,2025,2568,Dec,0.0
หนองบัวลำภู,2025,2568,Feb,0.0
หนองบัวลำภู,2025,2568,Jan,0.0
หนองบัวลำภู,2025,2568,Jul,0.0
หนองบัวลำภู,2025,2568,Jun,0.0
หนองบัวลำภู,2025,2568,Mar,0.0
หนองบัวลำภู,2025,2568,May,0.0
หนองบัวลำภู,2025,2568,Nov,0.0
หนองบัวลำภู,2025,2568,Oct,0.0
หนองบัวลำภู,2025,2568,Sep,0.0
อำนาจเจริญ,2023,2566,Apr,0.0
อำนาจเจริญ,2023,2566,Aug,0.0
อำนาจเจริญ,2023,2566,Dec,0.0
อำนาจเจริญ,2023,2566,Feb,0.0
อำนาจเจริญ,2023,2566,Jan,0.0
อำนาจเจริญ,2023,2566,Jul,0.0
อำนาจเจริญ,2023,2566,Jun,0.0
อำนาจเจริญ,2023,2566,Mar,0.0
อำนาจเจริญ,2023,2566,May,0.0
อำนาจเจริญ,2023,2566,Nov,0.0
อำนาจเจริญ,2023,2566,Oct,0.0
อำนาจเจริญ,2023,2566,Sep,0.0
อำนาจเจริญ,2024,2567,Apr,0.0
อำนาจเจริญ,2024,2567,Aug,0.0
อำนาจเจริญ,2024,2567,Dec,0.0
อำนาจเจริญ,2024,2567,Feb,0.0
อำนาจเจริญ,2024,2567,Jan,0.0
อำนาจเจริญ,2024,2567,Jul,0.0
อำนาจเจริญ,2024,2567,Jun,0.0
อำนาจเจริญ,2024,2567,Mar,0.0
อำนาจเจริญ,2024,2567,May,0.0
อำนาจเจริญ,2024,2567,Nov,0.0
อำนาจเจริญ,2024,2567,Oct,4.25
อำนาจเจริญ,2024,2567,Sep,0.0
อำนาจเจริญ,2025,2568,Apr,0.0
อำนาจเจริญ,2025,2568,Aug,0.0
อำนาจเจริญ,2025,2568,Dec,0.0
อำนาจเจริญ,2025,2568,Feb,0.0
อำนาจเจริญ,2025,2568,Jan,0.0
อำนาจเจริญ,2025,2568,Jul,0.0
อำนาจเจริญ,2025,2568,Jun,0.0
อำนาจเจริญ,2025,2568,Mar,0.0
อำนาจเจริญ,2025,2568,May,0.0
อำนาจเจริญ,2025,2568,Nov,0.0
อำนาจเจริญ,2025,2568,Oct,0.0
อำนาจเจริญ,2025,2568,Sep,0.0
อุดรธานี,2023,2566,Apr,60.2
อุดรธานี,2023,2566,Aug,41.25
อุดรธานี,2023,2566,Dec,56.0
อุดรธานี,2023,2566,Feb,50.75
อุดรธานี,2023,2566,Jan,52.8
อุดรธานี,2023,2566,Jul,51.2
อุดรธานี,2023,2566,Jun,40.75
อุดรธานี,2023,2566,Mar,54.25
อุดรธานี,2023,2566,May,42.75
อุดรธานี,2023,2566,Nov,41.5
อุดรธานี,2023,2566,Oct,51.0
อุดรธานี,2023,2566,Sep,40.0
อุดรธานี,2024,2567,Apr,44.0
อุดรธานี,2024,2567,Aug,34.5
อุดรธานี,2024,2567,Dec,42.4
อุดรธานี,2024,2567,Feb,44.0
อุดรธานี,2024,2567,Jan,46.0
อุดรธานี,2024,2567,Jul,39.25
อุดรธานี,2024,2567,Jun,28.4
อุดรธานี,2024,2567,Mar,37.4
อุดรธานี,2024,2567,May,32.25
อุดรธานี,2024,2567,Nov,47.25
อุดรธานี,2024,2567,Oct,45.25
อุดรธานี,2024,2567,Sep,23.2
อุดรธานี,2025,2568,Apr,38.5
อุดรธานี,2025,2568,Aug,29.6
อุดรธานี,2025,2568,Dec,45.75
อุดรธานี,2025,2568,Feb,25.5
อุดรธานี,2025,2568,Jan,31.0
อุดรธานี,2025,2568,Jul,41.0
อุดรธานี,2025,2568,Jun,29.4
อุดรธานี,2025,2568,Mar,27.0
อุดรธานี,2025,2568,May,23.0
อุดรธานี,2025,2568,Nov,36.0
อุดรธานี,2025,2568,Oct,37.75
อุดรธานี,2025,2568,Sep,23.5
อุตรดิตถ์,2023,2566,Apr,6.8
อุตรดิตถ์,2023,2566,Aug,5.75
อุตรดิตถ์,2023,2566,Dec,11.0
อุตรดิตถ์,2023,2566,Feb,6.0
อุตรดิตถ์,2023,2566,Jan,9.0
อุตรดิตถ์,2023,2566,Jul,10.4
อุตรดิตถ์,2023,2566,Jun,7.25
อุตรดิตถ์,2023,2566,Mar,5.75
อุตรดิตถ์,2023,2566,May,5.75
อุตรดิตถ์,2023,2566,Nov,9.0
อุตรดิตถ์,2023,2566,Oct,7.6
อุตรดิตถ์,2023,2566,Sep,4.25
อุตรดิตถ์,2024,2567,Apr,3.0
อุตรดิตถ์,2024,2567,Aug,3.5
อุตรดิตถ์,2024,2567,Dec,8.6
อุตรดิตถ์,2024,2567,Feb,2.5
อุตรดิตถ์,2024,2567,Jan,1.25
อุตรดิตถ์,2024,2567,Jul,3.25
อุตรดิตถ์,2024,2567,Jun,3.8
อุตรดิตถ์,2024,2567,Mar,4.2
อุตรดิตถ์,2024,2567,May,1.25
อุตรดิตถ์,2024,2567,Nov,6.5
อุตรดิตถ์,2024,2567,Oct,7.25
อุตรดิตถ์,2024,2567,Sep,0.8
อุตรดิตถ์,2025,2568,Apr,1.5
อุตรดิตถ์,2025,2568,Aug,3.6
อุตรดิตถ์,2025,2568,Dec,6.25
อุตรดิตถ์,2025,2568,Feb,0.0
อุตรดิตถ์,2025,2568,Jan,1.25
อุตรดิตถ์,2025,2568,Jul,2.5
อุตรดิตถ์,2025,2568,Jun,5.2
อุตรดิตถ์,2025,2568,Mar,2.0
อุตรดิตถ์,2025,2568,May,4.75
อุตรดิตถ์,2025,2568,Nov,4.0
อุตรดิตถ์,2025,2568,Oct,2.5
อุตรดิตถ์,2025,2568,Sep,2.75
อุทัยธานี,2023,2566,Apr,10.4
อุทัยธานี,2023,2566,Aug,6.75
อุทัยธานี,2023,2566,Dec,18.0
อุทัยธานี,2023,2566,Feb,9.25
อุทัยธานี,2023,2566,Jan,12.8
อุทัยธานี,2023,2566,Jul,11.4
อุทัยธานี,2023,2566,Jun,7.25
อุทัยธานี,2023,2566,Mar,8.5
อุทัยธานี,2023,2566,May,7.25
อุทัยธานี,2023,2566,Nov,11.5
อุทัยธานี,2023,2566,Oct,11.6
อุทัยธานี,2023,2566,Sep,8.0
อุทัยธานี,2024,2567,Apr,9.5
อุทัยธานี,2024,2567,Aug,6.25
อุทัยธานี,2024,2567,Dec,11.2
อุทัยธานี,2024,2567,Feb,4.5
อุทัยธานี,2024,2567,Jan,5.0
อุทัยธานี,2024,2567,Jul,7.0
อุทัยธานี,2024,2567,Jun,6.2
อุทัยธานี,2024,2567,Mar,4.6
อุทัยธานี,2024,2567,May,3.25
อุทัยธานี,2024,2567,Nov,7.25
อุทัยธานี,2024,2567,Oct,5.75
อุทัยธานี,2024,2567,Sep,5.6
อุทัยธานี,2025,2568,Apr,4.5
อุทัยธานี,2025,2568,Aug,7.2
อุทัยธานี,2025,2568,Dec,11.0
อุทัยธานี,2025,2568,Feb,0.0
อุทัยธานี,2025,2568,Jan,4.5
อุทัยธานี,2025,2568,Jul,6.0
อุทัยธานี,2025,2568,Jun,5.2
อุทัยธานี,2025,2568,Mar,2.4
อุทัยธานี,2025,2568,May,6.75
อุทัยธานี,2025,2568,Nov,5.2
อุทัยธานี,2025,2568,Oct,4.25
อุทัยธานี,2025,2568,Sep,4.5
อุบลราชธานี,2023,2566,Apr,60.6
อุบลราชธานี,2023,2566,Aug,36.75
อุบลราชธานี,2023,2566,Dec,67.0
อุบลราชธานี,2023,2566,Feb,45.75
อุบลราชธานี,2023,2566,Jan,50.0
อุบลราชธานี,2023,2566,Jul,53.8
อุบลราชธานี,2023,2566,Jun,40.25
อุบลราชธานี,2023,2566,Mar,48.0
อุบลราชธานี,2023,2566,May,43.75
อุบลราชธานี,2023,2566,Nov,50.5
อุบลราชธานี,2023,2566,Oct,49.0
อุบลราชธานี,2023,2566,Sep,35.5
อุบลราชธานี,2024,2567,Apr,35.5
อุบลราชธานี,2024,2567,Aug,36.0
อุบลราชธานี,2024,2567,Dec,47.4
อุบลราชธานี,2024,2567,Feb,36.25
อุบลราชธานี,2024,2567,Jan,46.75
อุบลราชธานี,2024,2567,Jul,47.5
อุบลราชธานี,2024,2567,Jun,33.0
อุบลราชธานี,2024,2567,Mar,38.2
อุบลราชธานี,2024,2567,May,27.75
อุบลราชธานี,2024,2567,Nov,33.25
อุบลราชธานี,2024,2567,Oct,50.0
อุบลราชธานี,2024,2567,Sep,25.0
อุบลราชธานี,2025,2568,Apr,36.75
อุบลราชธานี,2025,2568,Aug,12.8
อุบลราชธานี,2025,2568,Dec,22.75
อุบลราชธานี,2025,2568,Feb,24.5
อุบลราชธานี,2025,2568,Jan,28.25
อุบลราชธานี,2025,2568,Jul,36.75
อุบลราชธานี,2025,2568,Jun,22.2
อุบลราชธานี,2025,2568,Mar,29.4
อุบลราชธานี,2025,2568,May,24.25
อุบลราชธานี,2025,2568,Nov,29.2
อุบลราชธานี,2025,2568,Oct,41.75
อุบลราชธานี,2025,2568,Sep,13.75
อ่างทอง,2023,2566,Apr,24.0
อ่างทอง,2023,2566,Aug,16.25
อ่างทอง,2023,2566,Dec,22.4
อ่างทอง,2023,2566,Feb,18.5
อ่างทอง,2023,2566,Jan,20.2
อ่างทอง,2023,2566,Jul,22.4
อ่างทอง,2023,2566,Jun,19.25
อ่างทอง,2023,2566,Mar,16.5
อ่างทอง,2023,2566,May,11.0
อ่างทอง,2023,2566,Nov,17.5
อ่างทอง,2023,2566,Oct,19.2
อ่างทอง,2023,2566,Sep,6.25
อ่างทอง,2024,2567,Apr,10.5
อ่างทอง,2024,2567,Aug,4.25
อ่างทอง,2024,2567,Dec,18.2
อ่างทอง,2024,2567,Feb,20.5
อ่างทอง,2024,2567,Jan,17.5
อ่างทอง,2024,2567,Jul,11.5
อ่างทอง,2024,2567,Jun,11.2
อ่างทอง,2024,2567,Mar,3.2
อ่างทอง,2024,2567,May,14.5
อ่างทอง,2024,2567,Nov,4.25
อ่างทอง,2024,2567,Oct,5.25
อ่างทอง,2024,2567,Sep,3.2
อ่างทอง,2025,2568,Apr,9.0
อ่างทอง,2025,2568,Aug,3.0
อ่างทอง,2025,2568,Dec,16.5
อ่างทอง,2025,2568,Feb,3.5
อ่างทอง,2025,2568,Jan,7.75
อ่างทอง,2025,2568,Jul,4.0
อ่างทอง,2025,2568,Jun,3.2
อ่างทอง,2025,2568,Mar,0.0
อ่างทอง,2025,2568,May,5.25
อ่างทอง,2025,2568,Nov,0.0
อ่างทอง,2025,2568,Oct,0.0
อ่างทอง,2025,2568,Sep,0.0
เชียงราย,2023,2566,Apr,17.8
เชียงราย,2023,2566,Aug,18.5
เชียงราย,2023,2566,Dec,32.6
เชียงราย,2023,2566,Feb,20.25
เชียงราย,2023,2566,Jan,29.0
เชียงราย,2023,2566,Jul,21.4
เชียงราย,2023,2566,Jun,17.75
เชียงราย,2023,2566,Mar,18.25
เชียงราย,2023,2566,May,15.0
เชียงราย,2023,2566,Nov,30.25
เชียงราย,2023,2566,Oct,25.6
เชียงราย,2023,2566,Sep,18.5
เชียงราย,2024,2567,Apr,12.75
เชียงราย,2024,2567,Aug,13.5
เชียงราย,2024,2567,Dec,21.2
เชียงราย,2024,2567,Feb,16.0
เชียงราย,2024,2567,Jan,18.75
เชียงราย,2024,2567,Jul,14.0
เชียงราย,2024,2567,Jun,13.8
เชียงราย,2024,2567,Mar,11.2
เชียงราย,2024,2567,May,11.5
เชียงราย,2024,2567,Nov,18.25
เชียงราย,2024,2567,Oct,13.5
เชียงราย,2024,2567,Sep,9.4
เชียงราย,2025,2568,Apr,12.5
เชียงราย,2025,2568,Aug,11.8
เชียงราย,2025,2568,Dec,20.0
เชียงราย,2025,2568,Feb,11.0
เชียงราย,2025,2568,Jan,13.0
เชียงราย,2025,2568,Jul,10.0
เชียงราย,2025,2568,Jun,8.6
เชียงราย,2025,2568,Mar,9.4
เชียงราย,2025,2568,May,9.5
เชียงราย,2025,2568,Nov,18.0
เชียงราย,2025,2568,Oct,16.75
เชียงราย,2025,2568,Sep,11.5
เชียงใหม่,2023,2566,Apr,43.6
เชียงใหม่,2023,2566,Aug,48.0
เชียงใหม่,2023,2566,Dec,71.6
เชียงใหม่,2023,2566,Feb,50.25
เชียงใหม่,2023,2566,Jan,74.0
เชียงใหม่,2023,2566,Jul,56.2
เชียงใหม่,2023,2566,Jun,49.25
เชียงใหม่,2023,2566,Mar,50.25
เชียงใหม่,2023,2566,May,42.75
เชียงใหม่,2023,2566,Nov,69.75
เชียงใหม่,2023,2566,Oct,68.2
เชียงใหม่,2023,2566,Sep,51.5
เชียงใหม่,2024,2567,Apr,35.25
เชียงใหม่,2024,2567,Aug,36.25
เชียงใหม่,2024,2567,Dec,61.2
เชียงใหม่,2024,2567,Feb,41.75
เชียงใหม่,2024,2567,Jan,50.75
เชียงใหม่,2024,2567,Jul,38.75
เชียงใหม่,2024,2567,Jun,34.8
เชียงใหม่,2024,2567,Mar,33.0
เชียงใหม่,2024,2567,May,34.25
เชียงใหม่,2024,2567,Nov,55.25
เชียงใหม่,2024,2567,Oct,43.5
เชียงใหม่,2024,2567,Sep,31.6
เชียงใหม่,2025,2568,Apr,33.25
เชียงใหม่,2025,2568,Aug,34.8
เชียงใหม่,2025,2568,Dec,57.25
เชียงใหม่,2025,2568,Feb,31.5
เชียงใหม่,2025,2568,Jan,39.25
เชียงใหม่,2025,2568,Jul,34.25
เชียงใหม่,2025,2568,Jun,32.4
เชียงใหม่,2025,2568,Mar,28.0
เชียงใหม่,2025,2568,May,29.0
เชียงใหม่,2025,2568,Nov,50.0
เชียงใหม่,2025,2568,Oct,47.75
เชียงใหม่,2025,2568,Sep,35.5
เพชรบุรี,2023,2566,Apr,38.0
เพชรบุรี,2023,2566,Aug,15.0
เพชรบุรี,2023,2566,Dec,23.6
เพชรบุรี,2023,2566,Feb,18.75
เพชรบุรี,2023,2566,Jan,19.4
เพชรบุรี,2023,2566,Jul,22.0
เพชรบุรี,2023,2566,Jun,17.0
เพชรบุรี,2023,2566,Mar,30.25
เพชรบุรี,2023,2566,May,18.5
เพชรบุรี,2023,2566,Nov,16.5
เพชรบุรี,2023,2566,Oct,20.0
เพชรบุรี,2023,2566,Sep,13.75
เพชรบุรี,2024,2567,Apr,24.75
เพชรบุรี,2024,2567,Aug,12.0
เพชรบุรี,2024,2567,Dec,16.2
เพชรบุรี,2024,2567,Feb,18.75
เพชรบุรี,2024,2567,Jan,14.75
เพชรบุรี,2024,2567,Jul,14.25
เพชรบุรี,2024,2567,Jun,13.4
เพชรบุรี,2024,2567,Mar,19.0
เพชรบุรี,2024,2567,May,17.5
เพชรบุรี,2024,2567,Nov,13.75
เพชรบุรี,2024,2567,Oct,15.25
เพชรบุรี,2024,2567,Sep,9.6
เพชรบุรี,2025,2568,Apr,18.0
เพชรบุรี,2025,2568,Aug,12.0
เพชรบุรี,2025,2568,Dec,14.75
เพชรบุรี,2025,2568,Feb,11.5
เพชรบุรี,2025,2568,Jan,10.75
เพชรบุรี,2025,2568,Jul,14.75
เพชรบุรี,2025,2568,Jun,9.0
เพชรบุรี,2025,2568,Mar,13.4
เพชรบุรี,2025,2568,May,10.75
เพชรบุรี,2025,2568,Nov,11.2
เพชรบุรี,2025,2568,Oct,14.5
เพชรบุรี,2025,2568,Sep,8.5
เพชรบูรณ์,2023,2566,Apr,22.4
เพชรบูรณ์,2023,2566,Aug,26.75
เพชรบูรณ์,2023,2566,Dec,47.2
เพชรบูรณ์,2023,2566,Feb,22.0
เพชรบูรณ์,2023,2566,Jan,35.2
เพชรบูรณ์,2023,2566,Jul,33.0
เพชรบูรณ์,2023,2566,Jun,22.25
เพชรบูรณ์,2023,2566,Mar,20.5
เพชรบูรณ์,2023,2566,May,19.75
เพชรบูรณ์,2023,2566,Nov,40.25
เพชรบูรณ์,2023,2566,Oct,40.6
เพชรบูรณ์,2023,2566,Sep,29.5
เพชรบูรณ์,2024,2567,Apr,15.25
เพชรบูรณ์,2024,2567,Aug,19.5
เพชรบูรณ์,2024,2567,Dec,33.2
เพชรบูรณ์,2024,2567,Feb,13.0
เพชรบูรณ์,2024,2567,Jan,21.25
เพชรบูรณ์,2024,2567,Jul,25.0
เพชรบูรณ์,2024,2567,Jun,15.4
เพชรบูรณ์,2024,2567,Mar,16.0
เพชรบูรณ์,2024,2567,May,16.0
เพชรบูรณ์,2024,2567,Nov,24.25
เพชรบูรณ์,2024,2567,Oct,25.0
เพชรบูรณ์,2024,2567,Sep,16.2
เพชรบูรณ์,2025,2568,Apr,16.0
เพชรบูรณ์,2025,2568,Aug,16.2
เพชรบูรณ์,2025,2568,Dec,27.5
เพชรบูรณ์,2025,2568,Feb,10.75
เพชรบูรณ์,2025,2568,Jan,17.5
เพชรบูรณ์,2025,2568,Jul,24.75
เพชรบูรณ์,2025,2568,Jun,17.6
เพชรบูรณ์,2025,2568,Mar,11.6
เพชรบูรณ์,2025,2568,May,11.0
เพชรบูรณ์,2025,2568,Nov,21.8
เพชรบูรณ์,2025,2568,Oct,24.5
เพชรบูรณ์,2025,2568,Sep,15.25
เลย,2023,2566,Apr,40.2
เลย,2023,2566,Aug,35.25
เลย,2023,2566,Dec,61.2
เลย,2023,2566,Feb,35.75
เลย,2023,2566,Jan,51.4
เลย,2023,2566,Jul,47.6
เลย,2023,2566,Jun,35.75
เลย,2023,2566,Mar,35.75
เลย,2023,2566,May,28.25
เลย,2023,2566,Nov,52.0
เลย,2023,2566,Oct,52.2
เลย,2023,2566,Sep,36.0
เลย,2024,2567,Apr,31.0
เลย,2024,2567,Aug,29.75
เลย,2024,2567,Dec,52.0
เลย,2024,2567,Feb,31.5
เลย,2024,2567,Jan,25.75
เลย,2024,2567,Jul,31.75
เลย,2024,2567,Jun,27.0
เลย,2024,2567,Mar,24.0
เลย,2024,2567,May,25.0
เลย,2024,2567,Nov,45.25
เลย,2024,2567,Oct,45.25
เลย,2024,2567,Sep,25.6
เลย,2025,2568,Apr,28.0
เลย,2025,2568,Aug,24.2
เลย,2025,2568,Dec,46.5
เลย,2025,2568,Feb,23.75
เลย,2025,2568,Jan,30.25
เลย,2025,2568,Jul,26.0
เลย,2025,2568,Jun,24.8
เลย,2025,2568,Mar,21.8
เลย,2025,2568,May,18.5
เลย,2025,2568,Nov,41.0
เลย,2025,2568,Oct,44.25
เลย,2025,2568,Sep,25.75
แพร่,2023,2566,Apr,21.4
แพร่,2023,2566,Aug,11.75
แพร่,2023,2566,Dec,30.6
แพร่,2023,2566,Feb,19.0
แพร่,2023,2566,Jan,26.6
แพร่,2023,2566,Jul,25.0
แพร่,2023,2566,Jun,14.0
แพร่,2023,2566,Mar,15.5
แพร่,2023,2566,May,15.5
แพร่,2023,2566,Nov,27.5
แพร่,2023,2566,Oct,21.0
แพร่,2023,2566,Sep,18.75
แพร่,2024,2567,Apr,15.0
แพร่,2024,2567,Aug,15.0
แพร่,2024,2567,Dec,28.2
แพร่,2024,2567,Feb,11.0
แพร่,2024,2567,Jan,13.25
แพร่,2024,2567,Jul,15.25
แพร่,2024,2567,Jun,14.4
แพร่,2024,2567,Mar,13.8
แพร่,2024,2567,May,5.75
แพร่,2024,2567,Nov,18.25
แพร่,2024,2567,Oct,15.75
แพร่,2024,2567,Sep,8.4
แพร่,2025,2568,Apr,13.0
แพร่,2025,2568,Aug,13.4
แพร่,2025,2568,Dec,35.25
แพร่,2025,2568,Feb,6.25
แพร่,2025,2568,Jan,14.0
แพร่,2025,2568,Jul,16.5
แพร่,2025,2568,Jun,10.4
แพร่,2025,2568,Mar,2.2
แพร่,2025,2568,May,10.0
แพร่,2025,2568,Nov,21.0
แพร่,2025,2568,Oct,21.5
แพร่,2025,2568,Sep,18.75
แม่ฮ่องสอน,2023,2566,Apr,11.8
แม่ฮ่องสอน,2023,2566,Aug,19.25
แม่ฮ่องสอน,2023,2566,Dec,32.8
แม่ฮ่องสอน,2023,2566,Feb,17.5
แม่ฮ่องสอน,2023,2566,Jan,32.6
แม่ฮ่องสอน,2023,2566,Jul,23.8
แม่ฮ่องสอน,2023,2566,Jun,22.25
แม่ฮ่องสอน,2023,2566,Mar,12.25
แม่ฮ่องสอน,2023,2566,May,16.5
แม่ฮ่องสอน,2023,2566,Nov,43.0
แม่ฮ่องสอน,2023,2566,Oct,32.2
แม่ฮ่องสอน,2023,2566,Sep,23.25
แม่ฮ่องสอน,2024,2567,Apr,9.0
แม่ฮ่องสอน,2024,2567,Aug,18.0
แม่ฮ่องสอน,2024,2567,Dec,29.2
แม่ฮ่องสอน,2024,2567,Feb,13.0
แม่ฮ่องสอน,2024,2567,Jan,21.5
แม่ฮ่องสอน,2024,2567,Jul,14.0
แม่ฮ่องสอน,2024,2567,Jun,15.8
แม่ฮ่องสอน,2024,2567,Mar,9.6
แม่ฮ่องสอน,2024,2567,May,13.75
แม่ฮ่องสอน,2024,2567,Nov,33.75
แม่ฮ่องสอน,2024,2567,Oct,23.5
แม่ฮ่องสอน,2024,2567,Sep,11.0
แม่ฮ่องสอน,2025,2568,Apr,4.5
แม่ฮ่องสอน,2025,2568,Aug,11.6
แม่ฮ่องสอน,2025,2568,Dec,23.0
แม่ฮ่องสอน,2025,2568,Feb,10.25
แม่ฮ่องสอน,2025,2568,Jan,17.75
แม่ฮ่องสอน,2025,2568,Jul,8.75
แม่ฮ่องสอน,2025,2568,Jun,8.4
แม่ฮ่องสอน,2025,2568,Mar,5.2
แม่ฮ่องสอน,2025,2568,May,10.0
แม่ฮ่องสอน,2025,2568,Nov,25.4
แม่ฮ่องสอน,2025,2568,Oct,23.25
แม่ฮ่องสอน,2025,2568,Sep,14.25
โคราช,2023,2566,Apr,71.0
โคราช,2023,2566,Aug,49.0
โคราช,2023,2566,Dec,63.0
โคราช,2023,2566,Feb,53.0
โคราช,2023,2566,Jan,60.0
โคราช,2023,2566,Jul,67.8
โคราช,2023,2566,Jun,52.25
โคราช,2023,2566,Mar,62.75
โคราช,2023,2566,May,51.0
โคราช,2023,2566,Nov,60.25
โคราช,2023,2566,Oct,57.0
โคราช,2023,2566,Sep,41.25
โคราช,2024,2567,Apr,50.75
โคราช,2024,2567,Aug,40.0
โคราช,2024,2567,Dec,50.6
โคราช,2024,2567,Feb,41.0
โคราช,2024,2567,Jan,49.25
โคราช,2024,2567,Jul,45.25
โคราช,2024,2567,Jun,36.8
โคราช,2024,2567,Mar,41.6
โคราช,2024,2567,May,42.0
โคราช,2024,2567,Nov,45.0
โคราช,2024,2567,Oct,46.75
โคราช,2024,2567,Sep,33.8
โคราช,2025,2568,Apr,43.25
โคราช,2025,2568,Aug,35.8
โคราช,2025,2568,Dec,40.5
โคราช,2025,2568,Feb,26.0
โคราช,2025,2568,Jan,27.75
โคราช,2025,2568,Jul,33.25
โคราช,2025,2568,Jun,33.4
โคราช,2025,2568,Mar,28.8
โคราช,2025,2568,May,33.75
โคราช,2025,2568,Nov,38.4
โคราช,2025,2568,Oct,38.0
โคราช,2025,2568,Sep,29.5
